comission_eur,amount_eur,card_brand_group,traffic_type_group,transaction_comission,country,order_id,created_date,manager_id,merchant_name,gate_id,merchant_id,company_id,company_name,white_label_id,processor_name,processor_id,transaction_type,transaction_status,agent_fee,card_type,tax_reserve_cost,monthly_fee,item_id,records
35.21,3200.74,Visa,Online,0.62,FR,ORD-000001,2024-10-06 02:37:00,MGR-008,Merchant_28,GATE-09,MERCH-028,COMP-01,Company_A,WL-05,Stripe,PROC-05,refund,processing,11.16,virtual,353.59,0.0,ITEM-0029,8
125.03,2950.44,Visa,ATM,0.11,UK,ORD-000002,2024-03-20 06:48:00,MGR-012,Merchant_22,GATE-06,MERCH-022,COMP-02,Company_B,WL-05,PayPal,PROC-01,capture,processing,40.29,credit,308.97,0.0,ITEM-0049,2
119.37,2764.68,Discover,Mobile,1.28,BE,ORD-000003,2024-04-26 09:05:00,MGR-012,Merchant_15,GATE-03,MERCH-015,COMP-02,Company_B,WL-03,PayPal,PROC-02,authorization,completed,43.09,debit,239.43,4.58,ITEM-0069,4
20.78,825.38,Discover,Mobile,1.98,UK,ORD-000004,2024-01-29 07:52:00,MGR-007,Merchant_3,GATE-10,MERCH-003,COMP-06,Company_F,WL-03,Adyen,PROC-04,capture,cancelled,32.0,debit,68.95,0.0,ITEM-0034,3
40.27,1240.67,Visa,Online,0.6,DE,ORD-000005,2024-04-22 04:32:00,MGR-006,Merchant_32,GATE-07,MERCH-032,COMP-02,Company_B,WL-05,Stripe,PROC-04,capture,processing,29.23,virtual,167.09,0.0,ITEM-0068,5
215.74,4855.68,Discover,POS,0.12,BE,ORD-000006,2024-05-16 20:21:00,MGR-001,Merchant_8,GATE-05,MERCH-008,COMP-05,Company_E,WL-05,Adyen,PROC-05,purchase,failed,36.04,debit,496.53,0.0,ITEM-0020,6
120.46,3814.93,Mastercard,Online,1.58,FR,ORD-000007,2024-01-10 03:59:00,MGR-019,Merchant_24,GATE-02,MERCH-024,COMP-05,Company_E,WL-01,Square,PROC-01,void,pending,26.52,debit,0.33,0.0,ITEM-0085,8
78.62,4734.77,Discover,Recurring,1.1,BE,ORD-000008,2024-04-12 22:19:00,MGR-004,Merchant_26,GATE-04,MERCH-026,COMP-06,Company_F,WL-02,Stripe,PROC-03,purchase,processing,30.33,debit,684.91,75.53,ITEM-0076,4
1.76,45.88,Mastercard,Recurring,0.21,DE,ORD-000009,2024-09-20 07:17:00,MGR-019,Merchant_43,GATE-10,MERCH-043,COMP-08,Company_H,WL-04,Adyen,PROC-04,capture,pending,3.37,credit,0.22,0.0,ITEM-0013,7
47.02,1777.94,Mastercard,POS,1.74,FR,ORD-000010,2024-02-01 12:46:00,MGR-018,Merchant_22,GATE-08,MERCH-022,COMP-02,Company_B,WL-02,Square,PROC-02,authorization,cancelled,2.71,debit,174.27,0.0,ITEM-0010,8
178.81,4042.03,Discover,POS,0.29,NL,ORD-000011,2024-02-17 07:10:00,MGR-002,Merchant_27,GATE-03,MERCH-027,COMP-08,Company_H,WL-04,Stripe,PROC-04,authorization,cancelled,32.61,prepaid,327.76,0.0,ITEM-0055,9
97.62,3312.74,UnionPay,Recurring,0.46,DE,ORD-000012,2024-06-09 01:03:00,MGR-002,Merchant_38,GATE-09,MERCH-038,COMP-08,Company_H,WL-01,Adyen,PROC-01,void,completed,10.89,debit,29.06,6.1,ITEM-0052,2
154.38,4708.56,Amex,POS,1.2,ES,ORD-000013,2024-10-16 16:20:00,MGR-013,Merchant_17,GATE-03,MERCH-017,COMP-04,Company_D,WL-03,Square,PROC-03,purchase,completed,1.99,virtual,57.9,0.0,ITEM-0080,10
64.4,4980.52,Amex,Recurring,0.5,CA,ORD-000014,2024-07-08 09:10:00,MGR-001,Merchant_29,GATE-09,MERCH-029,COMP-09,Company_I,WL-03,Stripe,PROC-02,authorization,completed,13.26,credit,697.22,87.93,ITEM-0096,9
16.71,785.69,Amex,Online,0.5,US,ORD-000015,2024-05-08 01:05:00,MGR-011,Merchant_41,GATE-03,MERCH-041,COMP-07,Company_G,WL-03,Adyen,PROC-04,void,cancelled,17.14,credit,81.02,50.54,ITEM-0015,2
177.88,4725.8,Visa,Mobile,0.38,FR,ORD-000016,2024-08-08 04:02:00,MGR-008,Merchant_20,GATE-02,MERCH-020,COMP-06,Company_F,WL-03,Braintree,PROC-04,void,pending,1.8,debit,261.73,0.0,ITEM-0021,3
48.45,4408.27,Discover,Online,1.5,BE,ORD-000017,2024-05-07 08:10:00,MGR-008,Merchant_45,GATE-04,MERCH-045,COMP-02,Company_B,WL-04,PayPal,PROC-03,refund,pending,16.61,credit,615.49,86.41,ITEM-0085,4
42.25,1998.35,Mastercard,Recurring,0.23,ES,ORD-000018,2024-10-01 10:01:00,MGR-002,Merchant_8,GATE-02,MERCH-008,COMP-05,Company_E,WL-05,Square,PROC-03,authorization,cancelled,38.67,credit,105.26,0.0,ITEM-0050,10
11.29,958.49,UnionPay,Mobile,0.93,UK,ORD-000019,2024-04-10 11:27:00,MGR-010,Merchant_5,GATE-09,MERCH-005,COMP-06,Company_F,WL-03,Square,PROC-03,capture,failed,26.0,debit,115.95,0.0,ITEM-0025,7
83.75,3328.0,UnionPay,Recurring,1.52,IT,ORD-000020,2024-01-01 09:18:00,MGR-015,Merchant_14,GATE-08,MERCH-014,COMP-07,Company_G,WL-04,Adyen,PROC-05,capture,pending,8.7,credit,284.1,0.0,ITEM-0037,9
115.53,3322.63,Discover,Recurring,0.28,UK,ORD-000021,2024-04-11 04:01:00,MGR-015,Merchant_3,GATE-07,MERCH-003,COMP-04,Company_D,WL-05,Adyen,PROC-04,capture,cancelled,47.6,debit,117.06,0.0,ITEM-0019,1
198.3,4464.37,Discover,POS,1.78,BE,ORD-000022,2024-08-25 01:35:00,MGR-017,Merchant_16,GATE-09,MERCH-016,COMP-02,Company_B,WL-05,PayPal,PROC-04,void,processing,38.92,virtual,146.55,69.59,ITEM-0071,8
178.34,4487.07,Discover,Online,1.0,ES,ORD-000023,2024-09-23 15:40:00,MGR-008,Merchant_16,GATE-05,MERCH-016,COMP-05,Company_E,WL-03,PayPal,PROC-05,purchase,pending,12.96,debit,166.41,0.0,ITEM-0030,7
132.86,3472.81,Visa,Recurring,0.22,NL,ORD-000024,2024-04-15 13:24:00,MGR-016,Merchant_50,GATE-01,MERCH-050,COMP-10,Company_J,WL-03,PayPal,PROC-04,capture,processing,20.38,debit,282.66,0.0,ITEM-0063,4
40.37,1371.95,UnionPay,Recurring,0.84,US,ORD-000025,2024-03-06 19:34:00,MGR-003,Merchant_2,GATE-07,MERCH-002,COMP-07,Company_G,WL-02,Square,PROC-02,purchase,failed,33.44,virtual,164.25,84.05,ITEM-0042,4
53.56,2278.95,Visa,Mobile,1.77,FR,ORD-000026,2024-02-11 15:01:00,MGR-003,Merchant_48,GATE-01,MERCH-048,COMP-09,Company_I,WL-01,Adyen,PROC-02,purchase,processing,13.91,debit,325.16,0.0,ITEM-0031,3
34.59,2373.07,Visa,Mobile,1.9,AU,ORD-000027,2024-02-28 05:19:00,MGR-013,Merchant_7,GATE-07,MERCH-007,COMP-10,Company_J,WL-02,Stripe,PROC-05,refund,completed,23.25,prepaid,91.21,0.0,ITEM-0088,10
168.63,4029.58,Discover,ATM,1.18,UK,ORD-000028,2024-02-05 16:41:00,MGR-014,Merchant_22,GATE-06,MERCH-022,COMP-01,Company_A,WL-04,Adyen,PROC-04,refund,processing,2.05,prepaid,322.01,0.0,ITEM-0079,9
110.82,3875.46,Discover,Recurring,1.67,AU,ORD-000029,2024-02-14 08:56:00,MGR-013,Merchant_29,GATE-06,MERCH-029,COMP-04,Company_D,WL-01,Square,PROC-03,refund,cancelled,29.62,debit,187.36,0.0,ITEM-0046,5
77.24,1708.29,Discover,ATM,1.43,BE,ORD-000030,2024-07-27 15:35:00,MGR-001,Merchant_49,GATE-02,MERCH-049,COMP-04,Company_D,WL-03,Adyen,PROC-04,refund,failed,13.81,prepaid,2.6,8.56,ITEM-0061,9
71.85,2659.3,Amex,Online,1.52,CA,ORD-000031,2024-05-08 07:07:00,MGR-006,Merchant_47,GATE-04,MERCH-047,COMP-04,Company_D,WL-02,Square,PROC-03,void,processing,16.54,prepaid,280.37,0.0,ITEM-0013,4
36.37,1488.27,Discover,Online,0.67,US,ORD-000032,2024-01-28 17:18:00,MGR-019,Merchant_45,GATE-05,MERCH-045,COMP-03,Company_C,WL-04,Square,PROC-04,authorization,pending,35.4,credit,28.26,0.0,ITEM-0033,8
7.31,579.29,UnionPay,ATM,1.03,AU,ORD-000033,2024-10-15 09:05:00,MGR-020,Merchant_16,GATE-10,MERCH-016,COMP-02,Company_B,WL-02,Braintree,PROC-04,capture,cancelled,28.85,prepaid,59.65,0.0,ITEM-0076,7
53.44,1533.85,Mastercard,POS,1.26,CA,ORD-000034,2024-04-18 08:42:00,MGR-003,Merchant_6,GATE-03,MERCH-006,COMP-03,Company_C,WL-01,Square,PROC-04,void,cancelled,37.0,prepaid,218.02,0.0,ITEM-0005,4
30.85,1447.64,Mastercard,Mobile,1.73,DE,ORD-000035,2024-04-11 13:07:00,MGR-003,Merchant_35,GATE-01,MERCH-035,COMP-04,Company_D,WL-02,PayPal,PROC-05,void,failed,3.56,virtual,50.69,0.0,ITEM-0016,8
130.93,3446.5,Amex,Online,1.89,UK,ORD-000036,2024-01-21 13:47:00,MGR-008,Merchant_21,GATE-10,MERCH-021,COMP-10,Company_J,WL-05,Stripe,PROC-03,void,completed,25.02,debit,255.28,0.0,ITEM-0061,9
152.1,3261.03,Amex,Online,0.44,DE,ORD-000037,2024-02-16 15:22:00,MGR-011,Merchant_27,GATE-07,MERCH-027,COMP-06,Company_F,WL-04,PayPal,PROC-04,void,completed,29.27,virtual,310.51,0.0,ITEM-0012,6
18.58,1269.47,UnionPay,Mobile,1.57,AU,ORD-000038,2024-10-04 14:26:00,MGR-016,Merchant_4,GATE-08,MERCH-004,COMP-04,Company_D,WL-01,Adyen,PROC-03,void,pending,43.25,prepaid,157.08,0.0,ITEM-0057,8
30.13,615.92,Discover,Online,1.26,DE,ORD-000039,2024-10-09 13:05:00,MGR-016,Merchant_15,GATE-05,MERCH-015,COMP-02,Company_B,WL-05,PayPal,PROC-04,capture,cancelled,11.96,debit,14.63,0.0,ITEM-0059,9
12.9,731.76,Visa,Mobile,1.24,ES,ORD-000040,2024-07-31 10:59:00,MGR-019,Merchant_33,GATE-10,MERCH-033,COMP-05,Company_E,WL-04,Adyen,PROC-04,void,cancelled,37.31,prepaid,14.98,0.0,ITEM-0043,9
95.76,3816.73,Visa,Mobile,1.87,BE,ORD-000041,2024-07-15 07:54:00,MGR-013,Merchant_50,GATE-07,MERCH-050,COMP-07,Company_G,WL-02,Square,PROC-01,refund,processing,43.48,prepaid,561.5,0.0,ITEM-0013,8
23.56,507.56,Visa,Mobile,0.13,CA,ORD-000042,2024-05-15 10:39:00,MGR-013,Merchant_45,GATE-06,MERCH-045,COMP-07,Company_G,WL-04,Braintree,PROC-01,void,completed,7.21,debit,66.31,7.48,ITEM-0081,5
198.84,4987.16,Amex,Mobile,0.92,IT,ORD-000043,2024-06-02 00:02:00,MGR-014,Merchant_21,GATE-03,MERCH-021,COMP-01,Company_A,WL-02,Braintree,PROC-04,void,pending,4.92,debit,474.09,44.37,ITEM-0023,2
77.2,3051.36,Discover,Mobile,1.4,CA,ORD-000044,2024-05-10 14:16:00,MGR-006,Merchant_43,GATE-02,MERCH-043,COMP-01,Company_A,WL-04,PayPal,PROC-05,authorization,cancelled,24.88,prepaid,266.91,0.0,ITEM-0059,5
25.49,1004.09,Amex,Online,1.02,AU,ORD-000045,2024-05-31 00:53:00,MGR-002,Merchant_43,GATE-10,MERCH-043,COMP-07,Company_G,WL-04,PayPal,PROC-02,void,failed,11.86,debit,86.14,0.0,ITEM-0082,4
115.35,3108.25,UnionPay,Mobile,1.47,DE,ORD-000046,2024-01-21 09:50:00,MGR-003,Merchant_29,GATE-05,MERCH-029,COMP-01,Company_A,WL-03,Square,PROC-02,refund,pending,32.96,prepaid,390.86,0.0,ITEM-0068,9
197.44,4568.3,Mastercard,ATM,0.59,CA,ORD-000047,2024-06-22 03:29:00,MGR-012,Merchant_5,GATE-02,MERCH-005,COMP-03,Company_C,WL-04,Stripe,PROC-03,void,completed,41.23,virtual,330.18,74.66,ITEM-0048,5
125.56,2926.95,Visa,ATM,1.89,ES,ORD-000048,2024-10-14 10:58:00,MGR-014,Merchant_40,GATE-02,MERCH-040,COMP-04,Company_D,WL-02,Stripe,PROC-01,authorization,cancelled,5.42,credit,102.66,0.0,ITEM-0013,4
68.45,4437.42,UnionPay,ATM,0.96,ES,ORD-000049,2024-03-20 13:41:00,MGR-002,Merchant_7,GATE-06,MERCH-007,COMP-08,Company_H,WL-02,Square,PROC-04,refund,failed,33.52,credit,494.64,41.91,ITEM-0088,6
133.93,2726.88,Visa,Online,0.78,IT,ORD-000050,2024-08-20 02:42:00,MGR-008,Merchant_14,GATE-03,MERCH-014,COMP-10,Company_J,WL-05,Adyen,PROC-01,void,pending,19.91,debit,77.64,0.0,ITEM-0030,6
160.95,3874.1,Visa,Mobile,1.23,FR,ORD-000051,2024-03-30 03:42:00,MGR-019,Merchant_2,GATE-06,MERCH-002,COMP-03,Company_C,WL-01,Adyen,PROC-03,purchase,pending,13.86,virtual,571.83,54.02,ITEM-0068,2
108.38,3730.87,Amex,ATM,1.58,US,ORD-000052,2024-01-23 23:50:00,MGR-002,Merchant_43,GATE-08,MERCH-043,COMP-09,Company_I,WL-04,Square,PROC-01,capture,cancelled,25.66,credit,61.03,0.0,ITEM-0011,6
38.46,3045.4,Discover,Online,0.62,UK,ORD-000053,2024-09-28 09:29:00,MGR-018,Merchant_33,GATE-04,MERCH-033,COMP-10,Company_J,WL-04,Square,PROC-02,capture,failed,31.65,virtual,250.49,0.0,ITEM-0052,7
82.15,3650.77,Discover,Online,0.69,IT,ORD-000054,2024-08-30 02:05:00,MGR-005,Merchant_6,GATE-09,MERCH-006,COMP-02,Company_B,WL-01,Braintree,PROC-05,void,failed,12.74,credit,522.2,0.0,ITEM-0053,6
208.18,4369.3,Mastercard,POS,0.9,BE,ORD-000055,2024-06-08 11:06:00,MGR-008,Merchant_37,GATE-02,MERCH-037,COMP-09,Company_I,WL-03,Braintree,PROC-03,purchase,failed,45.79,debit,33.72,0.0,ITEM-0055,9
208.26,4872.99,Amex,Mobile,1.27,US,ORD-000056,2024-05-16 00:11:00,MGR-006,Merchant_18,GATE-03,MERCH-018,COMP-05,Company_E,WL-05,Square,PROC-01,refund,completed,32.13,credit,19.19,82.95,ITEM-0096,9
29.03,1083.51,Visa,Online,0.75,ES,ORD-000057,2024-02-13 01:09:00,MGR-015,Merchant_11,GATE-07,MERCH-011,COMP-10,Company_J,WL-04,Braintree,PROC-04,capture,failed,18.5,debit,117.28,56.76,ITEM-0097,9
15.72,577.95,Visa,POS,0.64,ES,ORD-000058,2024-01-24 07:25:00,MGR-007,Merchant_39,GATE-03,MERCH-039,COMP-01,Company_A,WL-03,PayPal,PROC-03,purchase,completed,33.92,virtual,42.19,0.0,ITEM-0096,7
22.35,886.72,Amex,Recurring,1.44,NL,ORD-000059,2024-01-22 13:01:00,MGR-019,Merchant_30,GATE-07,MERCH-030,COMP-02,Company_B,WL-04,PayPal,PROC-01,capture,completed,25.01,prepaid,110.84,7.21,ITEM-0022,10
86.67,2305.88,Amex,POS,0.79,IT,ORD-000060,2024-07-24 16:05:00,MGR-006,Merchant_26,GATE-02,MERCH-026,COMP-05,Company_E,WL-05,Stripe,PROC-05,void,pending,21.84,prepaid,36.62,0.0,ITEM-0045,3
18.85,1188.98,UnionPay,ATM,0.47,AU,ORD-000061,2024-03-31 20:31:00,MGR-020,Merchant_30,GATE-06,MERCH-030,COMP-10,Company_J,WL-03,Adyen,PROC-04,purchase,cancelled,30.12,virtual,135.58,0.0,ITEM-0081,5
134.08,3983.69,UnionPay,Recurring,0.77,CA,ORD-000062,2024-07-07 09:04:00,MGR-013,Merchant_42,GATE-08,MERCH-042,COMP-02,Company_B,WL-05,Braintree,PROC-01,capture,processing,3.71,debit,275.92,0.0,ITEM-0042,10
38.22,2383.39,Mastercard,ATM,0.22,BE,ORD-000063,2024-02-13 16:41:00,MGR-017,Merchant_12,GATE-09,MERCH-012,COMP-01,Company_A,WL-05,Adyen,PROC-03,authorization,failed,5.18,virtual,321.45,0.0,ITEM-0053,6
41.09,3397.7,Mastercard,Mobile,1.3,UK,ORD-000064,2024-07-16 09:16:00,MGR-019,Merchant_47,GATE-03,MERCH-047,COMP-10,Company_J,WL-03,PayPal,PROC-04,refund,processing,16.73,credit,168.03,0.0,ITEM-0040,9
78.73,1889.63,UnionPay,Mobile,1.65,US,ORD-000065,2024-09-26 02:41:00,MGR-012,Merchant_43,GATE-05,MERCH-043,COMP-07,Company_G,WL-02,Adyen,PROC-03,capture,pending,33.51,debit,234.96,68.54,ITEM-0018,3
17.29,395.05,Mastercard,POS,0.29,DE,ORD-000066,2024-06-21 19:08:00,MGR-020,Merchant_39,GATE-03,MERCH-039,COMP-07,Company_G,WL-04,Stripe,PROC-04,authorization,pending,38.54,virtual,49.49,3.77,ITEM-0079,5
155.67,3764.43,Discover,Mobile,0.54,NL,ORD-000067,2024-04-09 11:43:00,MGR-017,Merchant_37,GATE-09,MERCH-037,COMP-08,Company_H,WL-04,Adyen,PROC-02,void,pending,11.96,prepaid,545.24,90.4,ITEM-0007,8
140.69,4371.84,Discover,Online,0.29,FR,ORD-000068,2024-03-23 08:28:00,MGR-015,Merchant_33,GATE-06,MERCH-033,COMP-03,Company_C,WL-01,Square,PROC-01,capture,processing,42.29,prepaid,558.17,0.0,ITEM-0031,7
124.3,4972.68,Mastercard,ATM,0.15,BE,ORD-000069,2024-03-15 04:02:00,MGR-020,Merchant_19,GATE-01,MERCH-019,COMP-08,Company_H,WL-01,Stripe,PROC-03,refund,pending,46.54,virtual,625.94,0.0,ITEM-0015,5
17.79,1195.82,UnionPay,POS,0.55,DE,ORD-000070,2024-09-12 19:34:00,MGR-010,Merchant_2,GATE-07,MERCH-002,COMP-09,Company_I,WL-01,Braintree,PROC-03,refund,processing,31.95,virtual,111.72,0.0,ITEM-0024,2
64.04,2622.19,Discover,Mobile,1.91,ES,ORD-000071,2024-01-11 12:55:00,MGR-001,Merchant_31,GATE-06,MERCH-031,COMP-01,Company_A,WL-01,PayPal,PROC-02,purchase,processing,27.2,prepaid,309.32,0.0,ITEM-0018,1
41.62,1767.97,Visa,Mobile,1.32,FR,ORD-000072,2024-04-03 04:04:00,MGR-002,Merchant_46,GATE-04,MERCH-046,COMP-08,Company_H,WL-01,PayPal,PROC-03,void,cancelled,41.52,virtual,181.57,47.85,ITEM-0033,1
66.5,3768.92,Discover,Mobile,0.78,DE,ORD-000073,2024-03-04 11:27:00,MGR-016,Merchant_26,GATE-08,MERCH-026,COMP-08,Company_H,WL-03,Braintree,PROC-03,purchase,cancelled,39.04,credit,489.47,0.0,ITEM-0056,10
85.67,4975.54,Discover,Mobile,0.66,BE,ORD-000074,2024-08-16 19:45:00,MGR-002,Merchant_28,GATE-06,MERCH-028,COMP-03,Company_C,WL-05,Square,PROC-03,purchase,completed,5.13,virtual,244.74,0.0,ITEM-0047,9
148.98,4007.47,Amex,ATM,1.91,AU,ORD-000075,2024-02-04 07:49:00,MGR-002,Merchant_42,GATE-10,MERCH-042,COMP-06,Company_F,WL-02,Square,PROC-03,authorization,cancelled,7.14,credit,365.22,3.48,ITEM-0074,3
68.74,2652.0,Discover,POS,1.33,AU,ORD-000076,2024-07-17 17:07:00,MGR-010,Merchant_17,GATE-08,MERCH-017,COMP-05,Company_E,WL-02,Stripe,PROC-02,purchase,cancelled,12.48,debit,45.13,49.9,ITEM-0092,8
211.52,4986.34,Amex,Recurring,1.94,FR,ORD-000077,2024-05-28 09:54:00,MGR-004,Merchant_11,GATE-04,MERCH-011,COMP-03,Company_C,WL-02,Adyen,PROC-04,purchase,failed,49.33,prepaid,499.51,55.0,ITEM-0060,9
29.83,657.56,Mastercard,Mobile,0.22,UK,ORD-000078,2024-07-29 13:52:00,MGR-015,Merchant_37,GATE-08,MERCH-037,COMP-02,Company_B,WL-05,PayPal,PROC-02,void,processing,19.91,debit,70.71,0.0,ITEM-0099,3
100.69,2168.77,Amex,Online,0.21,ES,ORD-000079,2024-06-14 22:14:00,MGR-007,Merchant_23,GATE-09,MERCH-023,COMP-09,Company_I,WL-03,Adyen,PROC-03,void,processing,6.21,credit,49.78,0.0,ITEM-0065,3
98.45,2963.12,Visa,Recurring,0.43,ES,ORD-000080,2024-10-15 01:52:00,MGR-007,Merchant_2,GATE-10,MERCH-002,COMP-02,Company_B,WL-04,Braintree,PROC-01,capture,processing,31.22,prepaid,400.91,0.0,ITEM-0083,5
102.09,2419.89,Amex,Recurring,1.4,DE,ORD-000081,2024-08-13 13:30:00,MGR-011,Merchant_30,GATE-06,MERCH-030,COMP-04,Company_D,WL-03,Square,PROC-02,authorization,processing,14.87,credit,26.49,0.0,ITEM-0041,4
48.39,2337.7,UnionPay,Mobile,0.57,FR,ORD-000082,2024-08-02 07:55:00,MGR-006,Merchant_11,GATE-08,MERCH-011,COMP-06,Company_F,WL-05,Square,PROC-04,authorization,cancelled,4.84,credit,101.76,0.0,ITEM-0012,7
123.23,2532.17,Discover,POS,0.51,ES,ORD-000083,2024-08-28 09:34:00,MGR-012,Merchant_1,GATE-07,MERCH-001,COMP-02,Company_B,WL-03,Stripe,PROC-04,purchase,processing,17.64,debit,19.2,0.0,ITEM-0047,9
36.91,1450.12,Amex,Recurring,0.96,IT,ORD-000084,2024-03-01 04:06:00,MGR-005,Merchant_26,GATE-04,MERCH-026,COMP-06,Company_F,WL-05,Braintree,PROC-04,void,completed,27.49,credit,179.52,0.0,ITEM-0005,3
150.54,3570.82,UnionPay,Mobile,1.09,CA,ORD-000085,2024-06-12 05:25:00,MGR-017,Merchant_40,GATE-09,MERCH-040,COMP-05,Company_E,WL-04,Braintree,PROC-03,capture,completed,7.45,prepaid,478.38,0.0,ITEM-0043,2
163.4,4899.69,UnionPay,POS,1.61,US,ORD-000086,2024-08-30 08:41:00,MGR-019,Merchant_50,GATE-08,MERCH-050,COMP-10,Company_J,WL-02,Braintree,PROC-05,capture,pending,36.27,debit,505.68,0.0,ITEM-0005,10
68.26,4741.54,Visa,POS,0.14,CA,ORD-000087,2024-07-29 16:49:00,MGR-007,Merchant_40,GATE-09,MERCH-040,COMP-08,Company_H,WL-03,Square,PROC-05,capture,failed,15.68,debit,107.7,0.0,ITEM-0059,9
41.53,1718.21,Amex,POS,1.57,ES,ORD-000088,2024-09-04 06:15:00,MGR-010,Merchant_18,GATE-04,MERCH-018,COMP-09,Company_I,WL-04,PayPal,PROC-04,authorization,processing,36.05,prepaid,165.8,0.0,ITEM-0037,2
91.11,2871.65,Discover,Mobile,1.8,BE,ORD-000089,2024-01-22 09:45:00,MGR-007,Merchant_6,GATE-04,MERCH-006,COMP-06,Company_F,WL-05,PayPal,PROC-05,authorization,pending,19.73,credit,148.67,14.65,ITEM-0079,10
14.49,1204.02,Visa,Recurring,1.82,DE,ORD-000090,2024-06-18 22:30:00,MGR-014,Merchant_7,GATE-08,MERCH-007,COMP-03,Company_C,WL-04,Adyen,PROC-03,authorization,failed,11.28,credit,42.05,0.0,ITEM-0099,2
62.98,3264.97,Mastercard,Mobile,1.5,US,ORD-000091,2024-03-31 01:53:00,MGR-001,Merchant_26,GATE-05,MERCH-026,COMP-08,Company_H,WL-05,Braintree,PROC-01,authorization,failed,42.52,virtual,18.27,41.79,ITEM-0083,9
119.68,2626.35,Visa,Mobile,0.35,ES,ORD-000092,2024-08-22 20:16:00,MGR-019,Merchant_46,GATE-04,MERCH-046,COMP-03,Company_C,WL-02,Braintree,PROC-04,capture,processing,25.21,prepaid,107.48,33.07,ITEM-0012,7
58.25,3349.59,Amex,Recurring,0.37,AU,ORD-000093,2024-04-30 14:48:00,MGR-001,Merchant_18,GATE-05,MERCH-018,COMP-06,Company_F,WL-03,Adyen,PROC-01,purchase,cancelled,16.18,prepaid,124.63,0.0,ITEM-0021,7
161.11,3433.51,Mastercard,ATM,1.79,DE,ORD-000094,2024-05-31 11:39:00,MGR-015,Merchant_15,GATE-10,MERCH-015,COMP-04,Company_D,WL-03,Square,PROC-05,capture,processing,38.49,debit,355.52,0.0,ITEM-0098,4
115.2,3404.91,Mastercard,Recurring,1.6,CA,ORD-000095,2024-10-15 03:03:00,MGR-005,Merchant_36,GATE-03,MERCH-036,COMP-09,Company_I,WL-03,Braintree,PROC-04,purchase,pending,26.28,virtual,269.76,0.0,ITEM-0012,9
27.3,2232.96,Visa,POS,0.35,AU,ORD-000096,2024-06-06 23:01:00,MGR-003,Merchant_26,GATE-01,MERCH-026,COMP-05,Company_E,WL-04,PayPal,PROC-01,void,completed,20.77,credit,188.88,0.0,ITEM-0061,1
24.81,1442.58,Visa,Recurring,0.36,DE,ORD-000097,2024-07-14 14:55:00,MGR-012,Merchant_25,GATE-02,MERCH-025,COMP-07,Company_G,WL-02,Braintree,PROC-04,void,pending,32.08,debit,157.81,37.45,ITEM-0001,1
139.54,4892.67,Visa,Online,1.47,NL,ORD-000098,2024-08-23 11:09:00,MGR-020,Merchant_18,GATE-01,MERCH-018,COMP-04,Company_D,WL-02,Adyen,PROC-01,purchase,processing,21.21,credit,278.35,0.0,ITEM-0058,10
150.98,3363.4,UnionPay,Mobile,0.56,AU,ORD-000099,2024-01-29 04:32:00,MGR-020,Merchant_19,GATE-06,MERCH-019,COMP-04,Company_D,WL-02,PayPal,PROC-02,void,pending,2.21,virtual,221.46,0.0,ITEM-0039,5
15.06,314.18,UnionPay,Mobile,1.77,NL,ORD-000100,2024-09-10 01:22:00,MGR-014,Merchant_42,GATE-03,MERCH-042,COMP-07,Company_G,WL-03,Square,PROC-02,void,cancelled,45.58,debit,29.5,0.0,ITEM-0029,5
67.66,4289.13,Mastercard,Mobile,0.98,UK,ORD-000101,2024-09-28 04:24:00,MGR-015,Merchant_16,GATE-06,MERCH-016,COMP-05,Company_E,WL-01,Braintree,PROC-02,purchase,failed,2.88,virtual,265.5,0.0,ITEM-0087,10
135.67,3018.58,Visa,POS,0.46,FR,ORD-000102,2024-09-02 06:55:00,MGR-004,Merchant_22,GATE-08,MERCH-022,COMP-05,Company_E,WL-02,Braintree,PROC-02,capture,pending,38.08,prepaid,327.96,0.0,ITEM-0100,5
59.86,1909.5,Mastercard,Mobile,0.78,IT,ORD-000103,2024-02-20 23:30:00,MGR-014,Merchant_49,GATE-01,MERCH-049,COMP-06,Company_F,WL-05,Adyen,PROC-02,purchase,failed,13.08,virtual,146.88,0.0,ITEM-0038,3
18.99,989.0,Discover,POS,1.18,IT,ORD-000104,2024-09-07 23:41:00,MGR-006,Merchant_48,GATE-03,MERCH-048,COMP-08,Company_H,WL-05,Square,PROC-02,void,completed,12.29,credit,81.69,33.76,ITEM-0010,1
101.32,3824.05,UnionPay,ATM,1.7,BE,ORD-000105,2024-09-15 14:23:00,MGR-001,Merchant_4,GATE-01,MERCH-004,COMP-10,Company_J,WL-05,Braintree,PROC-04,purchase,completed,11.57,prepaid,405.64,0.0,ITEM-0069,5
4.06,95.54,UnionPay,Recurring,1.38,ES,ORD-000106,2024-02-19 16:09:00,MGR-012,Merchant_16,GATE-05,MERCH-016,COMP-04,Company_D,WL-04,Stripe,PROC-03,capture,cancelled,40.31,debit,13.04,0.0,ITEM-0090,4
64.98,1506.87,Visa,Online,0.25,DE,ORD-000107,2024-07-26 12:24:00,MGR-003,Merchant_36,GATE-08,MERCH-036,COMP-08,Company_H,WL-04,PayPal,PROC-05,purchase,processing,49.58,credit,146.9,0.0,ITEM-0030,4
169.89,4507.35,Mastercard,Mobile,1.18,US,ORD-000108,2024-05-23 17:36:00,MGR-007,Merchant_43,GATE-10,MERCH-043,COMP-01,Company_A,WL-02,Square,PROC-01,authorization,pending,13.55,debit,624.83,0.0,ITEM-0073,7
107.15,3388.4,Visa,ATM,0.83,FR,ORD-000109,2024-02-10 16:47:00,MGR-003,Merchant_23,GATE-06,MERCH-023,COMP-01,Company_A,WL-05,Braintree,PROC-05,capture,failed,36.99,credit,401.78,0.0,ITEM-0082,5
109.84,3919.91,Amex,POS,0.53,UK,ORD-000110,2024-10-26 21:24:00,MGR-003,Merchant_6,GATE-05,MERCH-006,COMP-10,Company_J,WL-02,Square,PROC-02,capture,failed,27.65,prepaid,220.75,0.0,ITEM-0014,2
0.8,35.92,Visa,Online,0.78,UK,ORD-000111,2024-08-17 17:35:00,MGR-012,Merchant_33,GATE-09,MERCH-033,COMP-07,Company_G,WL-01,Braintree,PROC-05,authorization,cancelled,13.49,credit,0.71,0.0,ITEM-0038,7
26.04,1945.12,Amex,Mobile,1.81,ES,ORD-000112,2024-03-27 21:24:00,MGR-016,Merchant_11,GATE-03,MERCH-011,COMP-03,Company_C,WL-01,Adyen,PROC-04,authorization,cancelled,45.26,prepaid,285.4,0.0,ITEM-0062,2
86.56,1812.01,UnionPay,ATM,1.47,IT,ORD-000113,2024-03-10 09:00:00,MGR-015,Merchant_26,GATE-06,MERCH-026,COMP-06,Company_F,WL-04,Braintree,PROC-02,authorization,failed,24.79,debit,167.61,0.0,ITEM-0062,6
23.24,896.41,Visa,Recurring,0.71,FR,ORD-000114,2024-06-15 12:17:00,MGR-019,Merchant_26,GATE-09,MERCH-026,COMP-06,Company_F,WL-02,Braintree,PROC-01,capture,pending,36.74,virtual,85.1,78.2,ITEM-0038,2
171.35,4096.64,Discover,Recurring,0.88,BE,ORD-000115,2024-03-19 22:27:00,MGR-019,Merchant_25,GATE-07,MERCH-025,COMP-02,Company_B,WL-05,Braintree,PROC-04,void,completed,24.97,prepaid,389.18,0.0,ITEM-0090,9
138.48,2973.16,Amex,ATM,0.31,UK,ORD-000116,2024-01-23 18:41:00,MGR-001,Merchant_44,GATE-02,MERCH-044,COMP-07,Company_G,WL-03,Adyen,PROC-05,void,processing,12.41,debit,296.44,0.0,ITEM-0058,6
80.22,1961.76,Mastercard,Mobile,1.22,ES,ORD-000117,2024-02-23 09:26:00,MGR-011,Merchant_6,GATE-08,MERCH-006,COMP-02,Company_B,WL-02,Braintree,PROC-04,authorization,cancelled,25.02,credit,101.51,0.0,ITEM-0057,8
35.25,1601.36,UnionPay,POS,1.64,IT,ORD-000118,2024-03-25 23:15:00,MGR-018,Merchant_34,GATE-07,MERCH-034,COMP-03,Company_C,WL-04,Adyen,PROC-04,refund,pending,5.75,virtual,203.98,0.0,ITEM-0051,1
167.23,3689.57,Visa,Recurring,0.95,DE,ORD-000119,2024-05-22 22:51:00,MGR-012,Merchant_5,GATE-06,MERCH-005,COMP-10,Company_J,WL-02,Square,PROC-01,authorization,cancelled,21.48,prepaid,2.46,0.0,ITEM-0077,7
102.46,3060.43,Amex,Online,0.76,FR,ORD-000120,2024-06-01 19:37:00,MGR-010,Merchant_6,GATE-02,MERCH-006,COMP-03,Company_C,WL-02,PayPal,PROC-02,void,cancelled,42.28,virtual,283.41,70.6,ITEM-0077,3
77.49,2878.28,Amex,ATM,1.02,AU,ORD-000121,2024-03-26 15:18:00,MGR-002,Merchant_9,GATE-06,MERCH-009,COMP-03,Company_C,WL-01,Square,PROC-02,refund,cancelled,26.87,virtual,396.84,17.32,ITEM-0053,8
90.85,2084.0,Discover,Recurring,1.03,BE,ORD-000122,2024-05-20 07:34:00,MGR-018,Merchant_19,GATE-09,MERCH-019,COMP-03,Company_C,WL-01,Braintree,PROC-01,authorization,processing,4.13,prepaid,9.65,29.21,ITEM-0070,1
105.15,3802.42,Amex,Mobile,0.52,UK,ORD-000123,2024-05-06 09:55:00,MGR-015,Merchant_3,GATE-02,MERCH-003,COMP-08,Company_H,WL-02,Adyen,PROC-05,authorization,processing,21.26,virtual,419.78,0.0,ITEM-0022,10
12.87,704.78,Amex,Recurring,0.49,ES,ORD-000124,2024-10-02 05:20:00,MGR-017,Merchant_46,GATE-02,MERCH-046,COMP-05,Company_E,WL-02,Square,PROC-01,authorization,pending,2.97,debit,37.09,0.0,ITEM-0032,3
153.57,3559.86,Visa,Online,1.55,NL,ORD-000125,2024-05-17 20:26:00,MGR-017,Merchant_25,GATE-05,MERCH-025,COMP-08,Company_H,WL-03,Square,PROC-04,authorization,processing,33.81,credit,261.36,0.0,ITEM-0100,2
103.64,3657.35,Amex,Mobile,1.36,ES,ORD-000126,2024-04-21 13:52:00,MGR-011,Merchant_14,GATE-09,MERCH-014,COMP-08,Company_H,WL-05,Adyen,PROC-05,capture,failed,17.91,credit,34.74,0.0,ITEM-0006,2
136.26,3134.64,Mastercard,Mobile,0.13,UK,ORD-000127,2024-08-07 06:44:00,MGR-012,Merchant_9,GATE-05,MERCH-009,COMP-05,Company_E,WL-01,PayPal,PROC-02,purchase,cancelled,46.47,prepaid,74.28,0.0,ITEM-0093,4
29.37,2151.86,Amex,Online,0.28,NL,ORD-000128,2024-09-22 21:28:00,MGR-005,Merchant_1,GATE-08,MERCH-001,COMP-01,Company_A,WL-01,Adyen,PROC-04,purchase,completed,10.67,credit,25.16,0.0,ITEM-0041,6
68.23,4406.14,Discover,Mobile,1.57,FR,ORD-000129,2024-09-28 18:00:00,MGR-005,Merchant_40,GATE-07,MERCH-040,COMP-03,Company_C,WL-05,Square,PROC-02,purchase,completed,37.66,debit,88.0,14.29,ITEM-0097,2
74.87,2951.97,UnionPay,Mobile,1.93,US,ORD-000130,2024-02-13 07:35:00,MGR-010,Merchant_39,GATE-04,MERCH-039,COMP-10,Company_J,WL-05,Braintree,PROC-05,refund,cancelled,15.73,prepaid,61.92,0.0,ITEM-0083,1
163.71,3921.17,Amex,POS,0.55,NL,ORD-000131,2024-02-06 16:56:00,MGR-019,Merchant_1,GATE-07,MERCH-001,COMP-06,Company_F,WL-03,Braintree,PROC-02,capture,completed,19.29,credit,141.8,0.0,ITEM-0076,2
1.47,78.83,Visa,Recurring,1.85,CA,ORD-000132,2024-09-13 13:27:00,MGR-020,Merchant_45,GATE-03,MERCH-045,COMP-07,Company_G,WL-03,Stripe,PROC-03,purchase,processing,47.43,debit,4.71,0.0,ITEM-0020,9
54.89,1640.48,Mastercard,Online,1.55,NL,ORD-000133,2024-08-11 23:54:00,MGR-004,Merchant_16,GATE-08,MERCH-016,COMP-01,Company_A,WL-05,Braintree,PROC-01,authorization,pending,32.49,credit,158.26,0.0,ITEM-0002,3
58.11,3510.48,Visa,Mobile,1.91,NL,ORD-000134,2024-03-05 23:49:00,MGR-009,Merchant_18,GATE-09,MERCH-018,COMP-02,Company_B,WL-01,PayPal,PROC-05,purchase,cancelled,26.15,virtual,412.3,16.7,ITEM-0066,6
12.72,286.64,Visa,Online,0.42,FR,ORD-000135,2024-02-29 07:47:00,MGR-002,Merchant_33,GATE-08,MERCH-033,COMP-01,Company_A,WL-03,Square,PROC-02,refund,completed,7.87,virtual,33.25,67.41,ITEM-0029,6
58.24,1248.83,Discover,Online,0.71,BE,ORD-000136,2024-01-27 05:14:00,MGR-010,Merchant_34,GATE-05,MERCH-034,COMP-01,Company_A,WL-03,Stripe,PROC-05,capture,completed,41.3,prepaid,107.06,0.0,ITEM-0026,5
62.56,2823.4,Mastercard,Online,1.28,NL,ORD-000137,2024-04-10 23:57:00,MGR-001,Merchant_35,GATE-04,MERCH-035,COMP-04,Company_D,WL-05,PayPal,PROC-01,authorization,completed,23.2,virtual,250.59,0.0,ITEM-0095,5
16.49,528.71,Discover,Mobile,0.55,BE,ORD-000138,2024-02-17 01:58:00,MGR-003,Merchant_15,GATE-10,MERCH-015,COMP-09,Company_I,WL-01,Braintree,PROC-02,capture,completed,24.6,credit,4.75,71.17,ITEM-0056,3
24.35,1191.49,UnionPay,Online,0.7,DE,ORD-000139,2024-05-19 07:04:00,MGR-004,Merchant_13,GATE-03,MERCH-013,COMP-03,Company_C,WL-04,Square,PROC-03,capture,completed,40.04,prepaid,125.24,31.81,ITEM-0099,4
64.63,2265.07,Visa,POS,1.72,IT,ORD-000140,2024-01-21 06:53:00,MGR-013,Merchant_21,GATE-09,MERCH-021,COMP-03,Company_C,WL-01,PayPal,PROC-03,refund,completed,4.52,virtual,274.39,0.0,ITEM-0058,9
74.84,3742.91,Visa,Recurring,0.98,AU,ORD-000141,2024-04-23 04:12:00,MGR-009,Merchant_26,GATE-02,MERCH-026,COMP-06,Company_F,WL-01,Stripe,PROC-02,capture,pending,40.19,credit,78.48,0.0,ITEM-0043,2
6.34,223.05,Amex,POS,0.42,DE,ORD-000142,2024-01-16 12:43:00,MGR-009,Merchant_28,GATE-05,MERCH-028,COMP-03,Company_C,WL-04,Adyen,PROC-01,void,processing,28.69,debit,27.49,0.0,ITEM-0083,5
113.25,2499.47,Discover,Mobile,1.01,BE,ORD-000143,2024-09-26 07:40:00,MGR-018,Merchant_35,GATE-08,MERCH-035,COMP-01,Company_A,WL-03,Braintree,PROC-05,authorization,cancelled,4.39,prepaid,143.6,0.0,ITEM-0024,1
30.04,1601.2,Mastercard,Mobile,1.8,CA,ORD-000144,2024-10-26 07:10:00,MGR-002,Merchant_7,GATE-04,MERCH-007,COMP-04,Company_D,WL-05,Square,PROC-03,refund,pending,38.93,debit,14.07,52.94,ITEM-0076,6
152.87,4032.99,Amex,POS,1.84,BE,ORD-000145,2024-10-15 06:53:00,MGR-002,Merchant_32,GATE-02,MERCH-032,COMP-09,Company_I,WL-01,Adyen,PROC-05,refund,completed,1.41,virtual,423.8,56.36,ITEM-0001,6
82.89,4590.3,Visa,Recurring,0.35,IT,ORD-000146,2024-01-12 04:37:00,MGR-003,Merchant_46,GATE-06,MERCH-046,COMP-03,Company_C,WL-04,Braintree,PROC-01,authorization,failed,35.85,prepaid,632.62,32.36,ITEM-0018,3
100.68,3664.44,Discover,Mobile,1.31,ES,ORD-000147,2024-07-01 07:42:00,MGR-005,Merchant_38,GATE-03,MERCH-038,COMP-03,Company_C,WL-01,Braintree,PROC-04,void,completed,24.36,debit,174.4,56.2,ITEM-0078,6
224.32,4605.98,Visa,Mobile,0.52,BE,ORD-000148,2024-02-09 07:22:00,MGR-001,Merchant_21,GATE-05,MERCH-021,COMP-03,Company_C,WL-02,Adyen,PROC-01,authorization,failed,28.28,credit,647.15,0.0,ITEM-0093,1
6.89,250.26,Mastercard,POS,0.9,BE,ORD-000149,2024-07-11 03:53:00,MGR-003,Merchant_31,GATE-01,MERCH-031,COMP-10,Company_J,WL-03,Stripe,PROC-03,authorization,completed,8.32,credit,15.54,35.12,ITEM-0044,3
72.99,4440.78,UnionPay,ATM,0.24,DE,ORD-000150,2024-09-04 22:01:00,MGR-002,Merchant_28,GATE-02,MERCH-028,COMP-03,Company_C,WL-03,Adyen,PROC-02,capture,processing,47.09,prepaid,651.49,0.0,ITEM-0085,5
20.67,1494.03,Discover,POS,0.85,UK,ORD-000151,2024-01-02 13:05:00,MGR-001,Merchant_19,GATE-04,MERCH-019,COMP-10,Company_J,WL-02,PayPal,PROC-01,capture,completed,27.48,prepaid,110.02,0.0,ITEM-0051,8
89.3,2450.59,Amex,POS,0.27,ES,ORD-000152,2024-08-16 01:16:00,MGR-019,Merchant_29,GATE-01,MERCH-029,COMP-08,Company_H,WL-02,Stripe,PROC-01,authorization,processing,27.21,virtual,67.96,36.94,ITEM-0097,10
14.25,1145.29,Amex,Online,0.84,NL,ORD-000153,2024-08-31 18:56:00,MGR-002,Merchant_16,GATE-09,MERCH-016,COMP-08,Company_H,WL-05,Braintree,PROC-05,void,pending,26.13,credit,165.89,0.0,ITEM-0097,8
43.09,872.67,UnionPay,Mobile,1.95,IT,ORD-000154,2024-08-10 06:52:00,MGR-003,Merchant_41,GATE-02,MERCH-041,COMP-03,Company_C,WL-04,Braintree,PROC-04,void,failed,40.42,prepaid,16.52,0.0,ITEM-0067,8
48.13,4586.64,Visa,Online,1.43,AU,ORD-000155,2024-03-17 04:36:00,MGR-004,Merchant_38,GATE-05,MERCH-038,COMP-10,Company_J,WL-05,PayPal,PROC-04,authorization,cancelled,29.38,virtual,537.8,0.0,ITEM-0074,10
40.03,2370.5,Discover,Mobile,0.87,IT,ORD-000156,2024-07-21 10:44:00,MGR-001,Merchant_16,GATE-06,MERCH-016,COMP-01,Company_A,WL-03,PayPal,PROC-03,capture,completed,30.91,debit,242.08,0.0,ITEM-0018,5
135.06,4871.35,UnionPay,Mobile,1.67,US,ORD-000157,2024-04-06 14:13:00,MGR-017,Merchant_27,GATE-03,MERCH-027,COMP-08,Company_H,WL-01,PayPal,PROC-05,capture,pending,13.47,credit,304.54,0.0,ITEM-0023,4
78.92,4377.15,Discover,Online,0.21,US,ORD-000158,2024-04-11 08:23:00,MGR-008,Merchant_30,GATE-06,MERCH-030,COMP-09,Company_I,WL-04,Braintree,PROC-04,refund,cancelled,1.65,prepaid,33.2,0.0,ITEM-0045,3
85.25,4189.89,Mastercard,Mobile,1.68,NL,ORD-000159,2024-10-19 06:54:00,MGR-017,Merchant_15,GATE-01,MERCH-015,COMP-04,Company_D,WL-01,Square,PROC-02,refund,processing,4.52,credit,17.25,0.0,ITEM-0029,5
145.34,3045.64,UnionPay,Recurring,1.45,NL,ORD-000160,2024-08-23 08:13:00,MGR-019,Merchant_30,GATE-02,MERCH-030,COMP-05,Company_E,WL-01,Braintree,PROC-03,void,processing,35.47,prepaid,125.81,85.16,ITEM-0039,2
56.61,2413.87,Visa,Recurring,0.63,NL,ORD-000161,2024-06-01 06:09:00,MGR-011,Merchant_34,GATE-03,MERCH-034,COMP-04,Company_D,WL-01,Square,PROC-03,authorization,cancelled,16.26,virtual,100.25,0.0,ITEM-0050,1
145.35,2919.29,Mastercard,Recurring,1.65,DE,ORD-000162,2024-08-31 21:22:00,MGR-010,Merchant_33,GATE-02,MERCH-033,COMP-05,Company_E,WL-04,Adyen,PROC-03,void,pending,17.16,prepaid,312.38,0.0,ITEM-0084,2
21.19,1119.05,Visa,Recurring,1.76,AU,ORD-000163,2024-10-26 09:29:00,MGR-020,Merchant_8,GATE-02,MERCH-008,COMP-08,Company_H,WL-04,Adyen,PROC-05,purchase,cancelled,21.02,prepaid,148.86,0.0,ITEM-0053,1
69.82,4355.54,Visa,ATM,1.99,IT,ORD-000164,2024-03-14 10:55:00,MGR-006,Merchant_46,GATE-06,MERCH-046,COMP-03,Company_C,WL-01,Stripe,PROC-04,authorization,pending,17.13,debit,644.96,98.66,ITEM-0074,3
99.45,2452.99,Mastercard,Mobile,0.27,US,ORD-000165,2024-09-01 12:00:00,MGR-011,Merchant_3,GATE-09,MERCH-003,COMP-09,Company_I,WL-02,Stripe,PROC-01,refund,pending,30.72,prepaid,233.09,0.0,ITEM-0040,3
15.75,522.51,Mastercard,Mobile,0.68,BE,ORD-000166,2024-09-23 19:33:00,MGR-012,Merchant_22,GATE-04,MERCH-022,COMP-07,Company_G,WL-02,Square,PROC-01,refund,pending,3.26,debit,3.58,45.59,ITEM-0028,1
49.48,2952.57,Visa,Online,0.8,US,ORD-000167,2024-09-30 19:03:00,MGR-004,Merchant_39,GATE-07,MERCH-039,COMP-01,Company_A,WL-04,Square,PROC-01,void,failed,32.53,virtual,16.55,25.58,ITEM-0090,3
38.76,1035.42,UnionPay,Online,0.12,ES,ORD-000168,2024-03-11 13:53:00,MGR-004,Merchant_7,GATE-02,MERCH-007,COMP-09,Company_I,WL-04,Adyen,PROC-05,refund,failed,21.04,debit,15.68,0.0,ITEM-0046,7
17.18,1483.8,UnionPay,ATM,1.04,DE,ORD-000169,2024-01-02 00:42:00,MGR-003,Merchant_6,GATE-09,MERCH-006,COMP-02,Company_B,WL-01,Stripe,PROC-03,refund,cancelled,10.38,prepaid,207.69,0.0,ITEM-0034,8
11.05,259.9,Visa,POS,1.76,DE,ORD-000170,2024-08-06 23:07:00,MGR-011,Merchant_7,GATE-06,MERCH-007,COMP-01,Company_A,WL-04,Braintree,PROC-03,purchase,failed,42.61,prepaid,14.04,0.0,ITEM-0024,2
97.46,2009.88,Mastercard,Online,0.62,NL,ORD-000171,2024-03-26 03:08:00,MGR-019,Merchant_45,GATE-08,MERCH-045,COMP-01,Company_A,WL-05,Square,PROC-02,void,cancelled,19.29,prepaid,256.46,64.88,ITEM-0079,1
195.0,4314.25,Amex,Online,1.48,CA,ORD-000172,2024-07-29 14:02:00,MGR-019,Merchant_5,GATE-10,MERCH-005,COMP-05,Company_E,WL-02,PayPal,PROC-05,void,processing,44.59,credit,312.62,0.0,ITEM-0056,4
88.26,2414.83,Discover,ATM,1.32,DE,ORD-000173,2024-01-06 20:59:00,MGR-003,Merchant_11,GATE-08,MERCH-011,COMP-09,Company_I,WL-03,Adyen,PROC-03,authorization,completed,7.43,debit,299.36,61.29,ITEM-0071,7
39.23,2022.35,Visa,ATM,0.97,NL,ORD-000174,2024-03-01 15:47:00,MGR-002,Merchant_42,GATE-09,MERCH-042,COMP-01,Company_A,WL-05,Stripe,PROC-01,void,processing,40.06,prepaid,135.93,44.71,ITEM-0066,9
38.41,1042.19,UnionPay,ATM,1.91,IT,ORD-000175,2024-08-20 10:35:00,MGR-015,Merchant_50,GATE-02,MERCH-050,COMP-10,Company_J,WL-01,Adyen,PROC-01,authorization,failed,18.17,prepaid,8.48,0.0,ITEM-0071,9
26.73,1875.71,Discover,POS,1.8,BE,ORD-000176,2024-05-10 19:12:00,MGR-007,Merchant_13,GATE-06,MERCH-013,COMP-02,Company_B,WL-01,Square,PROC-01,void,completed,24.62,virtual,231.23,40.92,ITEM-0059,10
73.56,4781.39,Mastercard,POS,1.05,UK,ORD-000177,2024-09-04 16:49:00,MGR-013,Merchant_12,GATE-10,MERCH-012,COMP-10,Company_J,WL-05,PayPal,PROC-05,capture,cancelled,26.52,debit,34.84,83.88,ITEM-0036,7
235.23,4818.33,Mastercard,POS,0.96,FR,ORD-000178,2024-06-02 22:35:00,MGR-020,Merchant_21,GATE-05,MERCH-021,COMP-09,Company_I,WL-03,Adyen,PROC-02,void,processing,6.67,prepaid,298.31,74.84,ITEM-0091,2
123.67,3806.27,UnionPay,Online,1.21,US,ORD-000179,2024-09-30 09:56:00,MGR-013,Merchant_28,GATE-03,MERCH-028,COMP-01,Company_A,WL-01,Stripe,PROC-02,authorization,pending,47.13,prepaid,405.44,0.0,ITEM-0088,5
9.24,740.68,Mastercard,Recurring,1.59,NL,ORD-000180,2024-08-19 03:39:00,MGR-008,Merchant_44,GATE-09,MERCH-044,COMP-09,Company_I,WL-03,Stripe,PROC-04,capture,cancelled,10.2,prepaid,60.13,0.0,ITEM-0071,1
1.5,74.7,Mastercard,POS,1.28,ES,ORD-000181,2024-07-07 18:34:00,MGR-015,Merchant_48,GATE-03,MERCH-048,COMP-10,Company_J,WL-01,Adyen,PROC-02,void,completed,39.05,virtual,9.75,91.15,ITEM-0006,7
28.85,1402.77,Visa,Recurring,0.41,ES,ORD-000182,2024-03-20 01:09:00,MGR-016,Merchant_21,GATE-10,MERCH-021,COMP-10,Company_J,WL-05,PayPal,PROC-01,authorization,processing,42.3,debit,1.19,0.0,ITEM-0024,9
10.58,350.2,Amex,POS,0.89,AU,ORD-000183,2024-04-19 21:21:00,MGR-017,Merchant_22,GATE-08,MERCH-022,COMP-06,Company_F,WL-05,Stripe,PROC-01,authorization,cancelled,26.85,debit,4.83,0.0,ITEM-0083,10
90.74,4593.85,UnionPay,Mobile,0.18,CA,ORD-000184,2024-05-11 17:46:00,MGR-017,Merchant_19,GATE-08,MERCH-019,COMP-01,Company_A,WL-04,Stripe,PROC-03,refund,failed,44.28,credit,262.8,11.34,ITEM-0013,3
198.87,4858.43,UnionPay,ATM,1.11,UK,ORD-000185,2024-04-19 21:27:00,MGR-005,Merchant_7,GATE-01,MERCH-007,COMP-04,Company_D,WL-04,PayPal,PROC-01,purchase,completed,31.35,credit,153.61,0.0,ITEM-0023,5
92.23,2794.84,UnionPay,Online,0.53,AU,ORD-000186,2024-08-09 10:01:00,MGR-003,Merchant_25,GATE-10,MERCH-025,COMP-02,Company_B,WL-01,Stripe,PROC-03,void,completed,12.93,prepaid,162.67,0.0,ITEM-0088,5
64.56,3036.76,UnionPay,Mobile,1.86,DE,ORD-000187,2024-03-21 17:14:00,MGR-010,Merchant_9,GATE-06,MERCH-009,COMP-07,Company_G,WL-01,Braintree,PROC-05,refund,completed,19.07,credit,374.49,0.0,ITEM-0001,10
94.06,2987.31,Mastercard,POS,1.9,FR,ORD-000188,2024-07-30 20:54:00,MGR-020,Merchant_33,GATE-05,MERCH-033,COMP-03,Company_C,WL-02,Stripe,PROC-02,void,completed,15.23,virtual,335.31,34.39,ITEM-0083,9
13.82,374.99,Mastercard,Mobile,0.58,BE,ORD-000189,2024-04-30 03:18:00,MGR-015,Merchant_40,GATE-06,MERCH-040,COMP-02,Company_B,WL-05,PayPal,PROC-05,refund,processing,9.87,prepaid,32.66,35.71,ITEM-0041,7
19.18,851.51,Discover,ATM,1.59,BE,ORD-000190,2024-07-03 04:43:00,MGR-012,Merchant_47,GATE-05,MERCH-047,COMP-06,Company_F,WL-04,Braintree,PROC-01,refund,processing,35.61,credit,81.85,0.0,ITEM-0036,3
79.6,4457.57,Mastercard,Online,1.49,CA,ORD-000191,2024-01-16 18:37:00,MGR-009,Merchant_26,GATE-09,MERCH-026,COMP-10,Company_J,WL-05,Square,PROC-02,authorization,cancelled,31.33,debit,486.38,84.96,ITEM-0099,10
79.39,3668.8,Mastercard,ATM,0.98,DE,ORD-000192,2024-05-02 19:43:00,MGR-006,Merchant_11,GATE-10,MERCH-011,COMP-09,Company_I,WL-05,Adyen,PROC-04,authorization,completed,25.52,debit,218.36,0.0,ITEM-0098,8
24.0,1166.43,Visa,Recurring,0.54,ES,ORD-000193,2024-08-20 01:02:00,MGR-009,Merchant_42,GATE-10,MERCH-042,COMP-06,Company_F,WL-05,Braintree,PROC-02,capture,cancelled,33.43,prepaid,90.61,38.81,ITEM-0076,2
64.84,2588.15,Discover,POS,1.82,FR,ORD-000194,2024-09-03 19:00:00,MGR-003,Merchant_33,GATE-09,MERCH-033,COMP-03,Company_C,WL-03,Adyen,PROC-02,refund,pending,25.82,prepaid,137.0,48.69,ITEM-0078,2
87.97,3308.94,Mastercard,Online,0.73,DE,ORD-000195,2024-03-23 20:53:00,MGR-019,Merchant_27,GATE-10,MERCH-027,COMP-01,Company_A,WL-02,Adyen,PROC-05,purchase,processing,5.67,debit,335.14,0.0,ITEM-0008,3
22.34,1298.72,Discover,ATM,1.92,DE,ORD-000196,2024-05-25 02:13:00,MGR-008,Merchant_29,GATE-07,MERCH-029,COMP-10,Company_J,WL-05,Adyen,PROC-05,refund,processing,29.97,prepaid,109.79,0.0,ITEM-0022,6
156.19,4612.54,UnionPay,Online,0.23,DE,ORD-000197,2024-09-24 16:43:00,MGR-016,Merchant_27,GATE-10,MERCH-027,COMP-03,Company_C,WL-05,Stripe,PROC-05,void,completed,18.91,credit,91.48,0.0,ITEM-0062,3
142.42,4510.9,Discover,POS,0.1,BE,ORD-000198,2024-08-03 11:55:00,MGR-013,Merchant_3,GATE-06,MERCH-003,COMP-09,Company_I,WL-05,Braintree,PROC-01,capture,pending,46.89,prepaid,459.14,0.0,ITEM-0062,4
60.77,4551.33,Visa,ATM,1.24,FR,ORD-000199,2024-01-04 18:33:00,MGR-011,Merchant_8,GATE-07,MERCH-008,COMP-09,Company_I,WL-03,Stripe,PROC-02,capture,processing,27.19,prepaid,176.0,0.0,ITEM-0034,9
52.29,2123.57,UnionPay,ATM,0.62,ES,ORD-000200,2024-10-12 15:11:00,MGR-010,Merchant_24,GATE-10,MERCH-024,COMP-09,Company_I,WL-03,Square,PROC-02,purchase,pending,34.03,virtual,240.49,0.0,ITEM-0090,3
15.48,510.39,Visa,POS,1.59,BE,ORD-000201,2024-01-27 05:24:00,MGR-020,Merchant_41,GATE-07,MERCH-041,COMP-01,Company_A,WL-01,Stripe,PROC-03,refund,failed,40.04,credit,47.01,0.0,ITEM-0078,1
171.21,3625.23,Mastercard,Recurring,0.86,ES,ORD-000202,2024-03-30 20:31:00,MGR-007,Merchant_29,GATE-01,MERCH-029,COMP-01,Company_A,WL-05,Braintree,PROC-05,refund,processing,32.81,debit,155.78,5.75,ITEM-0087,1
65.35,1805.1,Visa,Online,1.95,UK,ORD-000203,2024-07-21 12:37:00,MGR-018,Merchant_13,GATE-05,MERCH-013,COMP-09,Company_I,WL-05,Braintree,PROC-03,authorization,failed,4.34,debit,74.71,0.0,ITEM-0078,4
59.62,2279.25,Amex,Recurring,0.11,AU,ORD-000204,2024-09-14 09:21:00,MGR-009,Merchant_8,GATE-08,MERCH-008,COMP-09,Company_I,WL-04,Braintree,PROC-04,refund,failed,8.75,virtual,173.08,0.0,ITEM-0088,8
199.44,4483.65,UnionPay,Online,1.02,ES,ORD-000205,2024-04-27 10:26:00,MGR-008,Merchant_23,GATE-05,MERCH-023,COMP-09,Company_I,WL-01,Square,PROC-03,purchase,processing,12.89,debit,257.37,22.04,ITEM-0061,6
81.21,1774.15,Mastercard,POS,0.61,FR,ORD-000206,2024-04-12 07:47:00,MGR-008,Merchant_16,GATE-10,MERCH-016,COMP-05,Company_E,WL-03,Adyen,PROC-01,purchase,completed,47.36,virtual,181.79,49.9,ITEM-0079,1
121.05,3823.58,Amex,ATM,0.18,FR,ORD-000207,2024-10-21 08:31:00,MGR-019,Merchant_12,GATE-03,MERCH-012,COMP-09,Company_I,WL-01,Braintree,PROC-04,capture,processing,24.11,credit,355.98,0.0,ITEM-0065,6
73.96,1974.65,UnionPay,Online,0.43,IT,ORD-000208,2024-01-05 00:43:00,MGR-012,Merchant_14,GATE-10,MERCH-014,COMP-07,Company_G,WL-03,Adyen,PROC-05,authorization,pending,48.83,prepaid,206.82,0.0,ITEM-0061,10
29.89,1722.05,Mastercard,Recurring,0.91,FR,ORD-000209,2024-07-24 08:28:00,MGR-004,Merchant_12,GATE-05,MERCH-012,COMP-10,Company_J,WL-02,Braintree,PROC-04,capture,pending,20.95,debit,194.3,0.0,ITEM-0095,3
24.63,2370.21,Amex,Recurring,0.9,AU,ORD-000210,2024-09-30 23:20:00,MGR-002,Merchant_32,GATE-07,MERCH-032,COMP-05,Company_E,WL-01,Adyen,PROC-01,refund,failed,6.72,virtual,317.59,0.0,ITEM-0081,2
52.73,2254.78,Mastercard,Recurring,0.79,AU,ORD-000211,2024-01-11 13:07:00,MGR-018,Merchant_23,GATE-03,MERCH-023,COMP-10,Company_J,WL-03,PayPal,PROC-03,void,cancelled,28.02,virtual,315.17,0.0,ITEM-0011,7
87.71,3072.18,Mastercard,Mobile,1.92,FR,ORD-000212,2024-10-19 12:54:00,MGR-011,Merchant_5,GATE-06,MERCH-005,COMP-02,Company_B,WL-03,PayPal,PROC-05,capture,failed,43.41,virtual,295.2,42.18,ITEM-0100,6
115.39,3742.0,Mastercard,POS,0.96,NL,ORD-000213,2024-04-30 21:16:00,MGR-004,Merchant_48,GATE-02,MERCH-048,COMP-02,Company_B,WL-01,Square,PROC-05,purchase,completed,8.37,virtual,479.47,0.0,ITEM-0068,2
18.36,528.6,UnionPay,POS,0.26,US,ORD-000214,2024-05-25 14:40:00,MGR-002,Merchant_9,GATE-06,MERCH-009,COMP-03,Company_C,WL-03,Square,PROC-04,void,failed,46.58,virtual,30.91,0.0,ITEM-0018,9
30.29,893.41,UnionPay,POS,1.3,UK,ORD-000215,2024-09-30 09:58:00,MGR-015,Merchant_23,GATE-05,MERCH-023,COMP-08,Company_H,WL-03,Square,PROC-03,refund,failed,31.79,credit,75.58,0.0,ITEM-0001,9
179.13,4078.75,Amex,Recurring,0.75,FR,ORD-000216,2024-09-01 09:00:00,MGR-001,Merchant_50,GATE-09,MERCH-050,COMP-07,Company_G,WL-03,Adyen,PROC-04,void,cancelled,23.46,virtual,5.09,94.7,ITEM-0032,3
128.22,3577.54,Amex,Recurring,1.67,ES,ORD-000217,2024-09-21 19:51:00,MGR-014,Merchant_45,GATE-04,MERCH-045,COMP-05,Company_E,WL-01,Adyen,PROC-02,authorization,completed,11.03,virtual,42.51,0.0,ITEM-0080,8
47.76,1367.95,Discover,Online,0.46,FR,ORD-000218,2024-04-05 03:18:00,MGR-003,Merchant_18,GATE-03,MERCH-018,COMP-03,Company_C,WL-01,Square,PROC-02,authorization,cancelled,0.97,prepaid,10.18,0.0,ITEM-0064,6
96.8,2323.79,Mastercard,Mobile,0.73,NL,ORD-000219,2024-07-19 02:34:00,MGR-001,Merchant_31,GATE-02,MERCH-031,COMP-03,Company_C,WL-02,Square,PROC-04,refund,completed,42.18,debit,331.71,0.0,ITEM-0059,2
128.66,2610.48,Visa,Mobile,1.0,BE,ORD-000220,2024-01-22 23:59:00,MGR-010,Merchant_36,GATE-04,MERCH-036,COMP-09,Company_I,WL-03,Stripe,PROC-02,purchase,pending,34.07,virtual,122.21,0.0,ITEM-0042,1
17.78,845.13,Visa,POS,0.33,DE,ORD-000221,2024-08-31 22:38:00,MGR-016,Merchant_10,GATE-02,MERCH-010,COMP-06,Company_F,WL-05,PayPal,PROC-01,purchase,failed,39.46,debit,1.13,0.0,ITEM-0090,9
59.52,3959.42,Amex,POS,0.54,ES,ORD-000222,2024-08-12 23:12:00,MGR-002,Merchant_2,GATE-08,MERCH-002,COMP-07,Company_G,WL-04,Braintree,PROC-03,void,cancelled,49.08,debit,468.34,80.55,ITEM-0073,3
62.48,2722.67,UnionPay,Mobile,0.99,BE,ORD-000223,2024-09-28 04:28:00,MGR-001,Merchant_19,GATE-09,MERCH-019,COMP-05,Company_E,WL-04,Adyen,PROC-01,void,failed,43.38,debit,244.5,16.03,ITEM-0042,2
103.98,3294.86,Visa,Online,0.84,CA,ORD-000224,2024-05-24 10:26:00,MGR-003,Merchant_42,GATE-01,MERCH-042,COMP-06,Company_F,WL-02,Adyen,PROC-01,refund,completed,26.2,virtual,245.9,0.0,ITEM-0025,2
6.02,168.77,Visa,POS,0.84,BE,ORD-000225,2024-01-26 11:14:00,MGR-003,Merchant_39,GATE-08,MERCH-039,COMP-02,Company_B,WL-01,PayPal,PROC-05,capture,failed,24.5,credit,15.8,0.0,ITEM-0079,5
104.33,2649.81,Mastercard,POS,1.69,CA,ORD-000226,2024-02-21 23:14:00,MGR-008,Merchant_35,GATE-10,MERCH-035,COMP-07,Company_G,WL-02,Braintree,PROC-05,capture,completed,3.9,prepaid,85.81,0.0,ITEM-0087,8
95.22,3515.73,Amex,Recurring,0.3,IT,ORD-000227,2024-03-21 17:38:00,MGR-012,Merchant_29,GATE-07,MERCH-029,COMP-06,Company_F,WL-04,PayPal,PROC-05,refund,processing,39.62,debit,290.03,0.0,ITEM-0049,9
93.39,4631.47,Amex,POS,1.93,FR,ORD-000228,2024-01-09 16:08:00,MGR-011,Merchant_20,GATE-01,MERCH-020,COMP-01,Company_A,WL-03,Braintree,PROC-05,void,processing,22.37,debit,275.87,98.3,ITEM-0013,1
37.48,2307.25,Mastercard,Online,0.6,IT,ORD-000229,2024-06-02 02:36:00,MGR-016,Merchant_26,GATE-03,MERCH-026,COMP-10,Company_J,WL-04,Braintree,PROC-01,void,failed,44.48,credit,86.47,0.0,ITEM-0094,10
78.86,1913.92,Visa,ATM,1.85,US,ORD-000230,2024-03-02 07:47:00,MGR-010,Merchant_42,GATE-09,MERCH-042,COMP-10,Company_J,WL-01,PayPal,PROC-05,void,pending,16.72,prepaid,252.58,0.0,ITEM-0065,4
28.61,774.46,Mastercard,POS,1.99,IT,ORD-000231,2024-02-16 07:27:00,MGR-003,Merchant_19,GATE-08,MERCH-019,COMP-07,Company_G,WL-05,Stripe,PROC-05,capture,failed,48.55,credit,87.46,0.0,ITEM-0052,9
82.58,2178.11,Mastercard,POS,1.55,UK,ORD-000232,2024-10-19 06:35:00,MGR-009,Merchant_40,GATE-07,MERCH-040,COMP-09,Company_I,WL-03,Braintree,PROC-01,purchase,cancelled,24.05,virtual,64.73,0.0,ITEM-0047,6
22.84,960.54,Mastercard,POS,1.35,IT,ORD-000233,2024-08-14 19:09:00,MGR-005,Merchant_29,GATE-02,MERCH-029,COMP-01,Company_A,WL-01,Stripe,PROC-02,void,pending,38.48,prepaid,24.39,0.0,ITEM-0002,6
50.17,3472.04,UnionPay,ATM,0.96,AU,ORD-000234,2024-04-14 17:33:00,MGR-005,Merchant_49,GATE-01,MERCH-049,COMP-05,Company_E,WL-04,Braintree,PROC-05,purchase,failed,1.14,debit,108.85,0.0,ITEM-0008,5
38.3,1011.47,Visa,Online,0.62,ES,ORD-000235,2024-05-18 21:54:00,MGR-013,Merchant_43,GATE-04,MERCH-043,COMP-06,Company_F,WL-04,Braintree,PROC-01,authorization,cancelled,23.25,credit,143.4,0.0,ITEM-0024,4
71.03,2508.25,Visa,Mobile,1.86,IT,ORD-000236,2024-06-19 15:25:00,MGR-012,Merchant_48,GATE-05,MERCH-048,COMP-03,Company_C,WL-02,Braintree,PROC-03,purchase,failed,1.07,virtual,93.08,0.0,ITEM-0004,9
90.29,4746.09,Discover,Mobile,0.75,AU,ORD-000237,2024-04-26 13:15:00,MGR-011,Merchant_37,GATE-08,MERCH-037,COMP-03,Company_C,WL-05,Adyen,PROC-02,refund,processing,19.64,debit,97.72,52.07,ITEM-0018,5
158.32,3445.78,UnionPay,Online,1.83,DE,ORD-000238,2024-10-16 05:20:00,MGR-011,Merchant_5,GATE-03,MERCH-005,COMP-09,Company_I,WL-01,PayPal,PROC-04,capture,failed,21.5,virtual,469.83,65.62,ITEM-0096,5
13.46,768.27,Mastercard,Online,0.35,IT,ORD-000239,2024-10-17 19:14:00,MGR-003,Merchant_39,GATE-08,MERCH-039,COMP-04,Company_D,WL-02,Braintree,PROC-05,capture,failed,1.31,debit,113.62,0.0,ITEM-0050,8
39.3,2374.5,Visa,POS,0.53,BE,ORD-000240,2024-04-23 23:42:00,MGR-020,Merchant_13,GATE-08,MERCH-013,COMP-04,Company_D,WL-03,Square,PROC-02,capture,cancelled,20.43,credit,345.07,95.02,ITEM-0078,7
92.86,3603.8,Visa,POS,1.88,CA,ORD-000241,2024-01-20 16:06:00,MGR-018,Merchant_29,GATE-07,MERCH-029,COMP-08,Company_H,WL-01,Braintree,PROC-04,void,completed,28.6,debit,289.83,0.0,ITEM-0038,8
44.28,1996.22,Discover,Online,1.67,CA,ORD-000242,2024-01-28 22:33:00,MGR-004,Merchant_10,GATE-03,MERCH-010,COMP-08,Company_H,WL-05,Braintree,PROC-02,capture,cancelled,23.07,prepaid,126.5,0.0,ITEM-0058,1
30.34,902.6,Visa,ATM,1.45,IT,ORD-000243,2024-03-24 22:46:00,MGR-003,Merchant_8,GATE-09,MERCH-008,COMP-02,Company_B,WL-04,Braintree,PROC-05,refund,cancelled,10.1,virtual,61.56,0.0,ITEM-0006,3
148.82,4562.14,Amex,POS,1.35,UK,ORD-000244,2024-01-27 13:19:00,MGR-005,Merchant_20,GATE-04,MERCH-020,COMP-08,Company_H,WL-01,Braintree,PROC-03,purchase,cancelled,7.5,virtual,594.55,0.0,ITEM-0064,9
138.62,4039.2,Mastercard,Recurring,1.04,ES,ORD-000245,2024-08-14 02:38:00,MGR-020,Merchant_39,GATE-09,MERCH-039,COMP-01,Company_A,WL-02,Stripe,PROC-02,refund,completed,10.84,prepaid,399.56,0.0,ITEM-0005,3
156.65,4270.61,UnionPay,Recurring,1.69,AU,ORD-000246,2024-08-01 05:10:00,MGR-018,Merchant_44,GATE-03,MERCH-044,COMP-05,Company_E,WL-04,Braintree,PROC-03,purchase,completed,14.92,prepaid,589.59,0.0,ITEM-0042,6
192.16,4488.67,UnionPay,ATM,1.54,CA,ORD-000247,2024-03-03 22:55:00,MGR-007,Merchant_18,GATE-04,MERCH-018,COMP-06,Company_F,WL-05,Stripe,PROC-01,void,processing,42.17,credit,43.71,0.0,ITEM-0062,10
230.94,4670.12,UnionPay,ATM,0.65,BE,ORD-000248,2024-06-30 04:39:00,MGR-006,Merchant_37,GATE-10,MERCH-037,COMP-08,Company_H,WL-02,PayPal,PROC-02,purchase,completed,30.44,credit,221.71,0.0,ITEM-0060,2
67.5,3689.97,Amex,Online,1.27,ES,ORD-000249,2024-04-18 00:40:00,MGR-010,Merchant_13,GATE-09,MERCH-013,COMP-05,Company_E,WL-05,PayPal,PROC-01,purchase,failed,20.73,prepaid,25.18,0.0,ITEM-0051,10
34.43,3083.81,Mastercard,ATM,0.43,CA,ORD-000250,2024-08-30 01:41:00,MGR-011,Merchant_9,GATE-08,MERCH-009,COMP-08,Company_H,WL-04,Stripe,PROC-05,authorization,processing,16.53,prepaid,156.32,0.0,ITEM-0072,9
3.42,103.4,Discover,Recurring,0.73,DE,ORD-000251,2024-03-17 08:53:00,MGR-019,Merchant_2,GATE-10,MERCH-002,COMP-06,Company_F,WL-04,Adyen,PROC-05,purchase,failed,45.81,prepaid,12.34,0.0,ITEM-0091,1
18.39,1364.77,Visa,POS,1.77,UK,ORD-000252,2024-09-25 09:11:00,MGR-015,Merchant_8,GATE-09,MERCH-008,COMP-06,Company_F,WL-01,Square,PROC-05,refund,pending,18.58,prepaid,169.8,0.0,ITEM-0062,9
36.0,1558.69,Discover,Recurring,1.56,UK,ORD-000253,2024-03-08 06:46:00,MGR-001,Merchant_3,GATE-05,MERCH-003,COMP-08,Company_H,WL-01,Braintree,PROC-01,authorization,cancelled,4.91,credit,229.66,0.0,ITEM-0014,9
152.65,3833.24,Amex,ATM,0.14,UK,ORD-000254,2024-04-12 06:18:00,MGR-009,Merchant_18,GATE-03,MERCH-018,COMP-09,Company_I,WL-02,PayPal,PROC-01,purchase,processing,37.92,credit,367.33,0.0,ITEM-0027,9
39.98,1758.09,Discover,Online,0.37,DE,ORD-000255,2024-02-06 09:39:00,MGR-001,Merchant_22,GATE-08,MERCH-022,COMP-09,Company_I,WL-01,Stripe,PROC-04,purchase,completed,35.22,virtual,74.7,0.0,ITEM-0051,3
160.98,3526.34,Visa,ATM,1.3,AU,ORD-000256,2024-06-19 06:45:00,MGR-005,Merchant_49,GATE-02,MERCH-049,COMP-09,Company_I,WL-04,Stripe,PROC-04,authorization,cancelled,34.51,virtual,235.83,0.0,ITEM-0030,4
33.32,727.17,Discover,Online,0.59,IT,ORD-000257,2024-06-15 14:31:00,MGR-016,Merchant_2,GATE-08,MERCH-002,COMP-02,Company_B,WL-02,PayPal,PROC-03,void,processing,18.17,debit,20.0,33.03,ITEM-0066,2
78.47,2034.37,UnionPay,POS,0.3,CA,ORD-000258,2024-08-24 12:37:00,MGR-006,Merchant_27,GATE-08,MERCH-027,COMP-04,Company_D,WL-04,Stripe,PROC-03,refund,processing,27.81,virtual,21.64,0.0,ITEM-0056,10
125.18,3938.76,Amex,Recurring,0.55,UK,ORD-000259,2024-09-06 03:37:00,MGR-015,Merchant_39,GATE-03,MERCH-039,COMP-08,Company_H,WL-03,Square,PROC-01,void,completed,33.13,virtual,46.02,57.42,ITEM-0042,8
40.22,3228.5,Amex,ATM,0.51,AU,ORD-000260,2024-03-16 21:09:00,MGR-019,Merchant_29,GATE-08,MERCH-029,COMP-09,Company_I,WL-02,Adyen,PROC-03,authorization,processing,6.95,prepaid,281.25,80.98,ITEM-0056,6
164.93,4951.54,Amex,Online,1.26,ES,ORD-000261,2024-10-08 01:00:00,MGR-001,Merchant_46,GATE-04,MERCH-046,COMP-09,Company_I,WL-04,Braintree,PROC-04,authorization,cancelled,25.52,virtual,629.57,6.24,ITEM-0049,7
99.65,2730.14,Mastercard,Online,1.0,UK,ORD-000262,2024-03-19 09:55:00,MGR-001,Merchant_43,GATE-03,MERCH-043,COMP-03,Company_C,WL-04,Square,PROC-02,purchase,pending,9.41,virtual,157.5,84.0,ITEM-0059,10
162.5,4652.25,UnionPay,ATM,0.96,FR,ORD-000263,2024-04-25 05:27:00,MGR-017,Merchant_39,GATE-05,MERCH-039,COMP-01,Company_A,WL-04,Braintree,PROC-05,authorization,completed,21.21,credit,572.28,0.0,ITEM-0073,8
51.24,3527.36,UnionPay,Online,1.01,FR,ORD-000264,2024-05-23 14:33:00,MGR-016,Merchant_6,GATE-02,MERCH-006,COMP-09,Company_I,WL-05,Braintree,PROC-03,void,completed,34.52,prepaid,75.18,98.36,ITEM-0069,1
71.68,2349.66,Amex,Recurring,0.99,ES,ORD-000265,2024-05-28 05:02:00,MGR-002,Merchant_45,GATE-08,MERCH-045,COMP-10,Company_J,WL-05,Adyen,PROC-05,purchase,failed,36.69,credit,148.39,79.82,ITEM-0037,8
12.75,421.73,Mastercard,Recurring,1.72,DE,ORD-000266,2024-05-11 00:47:00,MGR-015,Merchant_8,GATE-06,MERCH-008,COMP-10,Company_J,WL-02,PayPal,PROC-02,capture,pending,13.89,credit,8.38,0.0,ITEM-0044,2
163.6,4837.05,Mastercard,Recurring,1.66,IT,ORD-000267,2024-07-15 07:42:00,MGR-002,Merchant_29,GATE-05,MERCH-029,COMP-03,Company_C,WL-01,Stripe,PROC-02,capture,cancelled,41.88,virtual,546.17,0.0,ITEM-0039,8
149.69,3733.29,Amex,ATM,1.11,NL,ORD-000268,2024-03-15 16:55:00,MGR-011,Merchant_28,GATE-09,MERCH-028,COMP-01,Company_A,WL-01,Stripe,PROC-05,authorization,cancelled,18.99,prepaid,395.14,0.0,ITEM-0043,5
18.71,1342.77,Amex,Recurring,1.34,US,ORD-000269,2024-04-09 16:21:00,MGR-001,Merchant_44,GATE-02,MERCH-044,COMP-03,Company_C,WL-01,Square,PROC-01,void,completed,19.56,virtual,155.72,73.43,ITEM-0045,4
72.86,3629.0,Visa,Recurring,0.16,DE,ORD-000270,2024-04-21 19:40:00,MGR-013,Merchant_8,GATE-10,MERCH-008,COMP-02,Company_B,WL-02,Stripe,PROC-02,authorization,failed,30.97,virtual,30.96,0.0,ITEM-0085,2
149.99,3197.51,Discover,ATM,0.63,IT,ORD-000271,2024-03-23 02:17:00,MGR-002,Merchant_50,GATE-05,MERCH-050,COMP-01,Company_A,WL-03,Adyen,PROC-04,purchase,cancelled,21.35,debit,433.29,32.34,ITEM-0079,7
26.73,900.43,Visa,Online,0.37,AU,ORD-000272,2024-08-14 22:16:00,MGR-009,Merchant_7,GATE-08,MERCH-007,COMP-01,Company_A,WL-01,Square,PROC-02,purchase,completed,38.44,virtual,29.5,0.0,ITEM-0035,3
161.8,3503.28,UnionPay,POS,1.19,US,ORD-000273,2024-08-11 12:54:00,MGR-013,Merchant_47,GATE-08,MERCH-047,COMP-02,Company_B,WL-01,Braintree,PROC-05,authorization,failed,25.77,prepaid,493.92,0.0,ITEM-0052,1
153.04,3165.04,UnionPay,Online,0.27,NL,ORD-000274,2024-08-23 09:41:00,MGR-007,Merchant_13,GATE-05,MERCH-013,COMP-03,Company_C,WL-04,Stripe,PROC-03,capture,completed,26.73,virtual,456.21,0.0,ITEM-0095,4
12.55,708.32,Discover,Online,1.47,US,ORD-000275,2024-10-03 20:19:00,MGR-011,Merchant_32,GATE-01,MERCH-032,COMP-09,Company_I,WL-03,Stripe,PROC-04,purchase,pending,29.65,virtual,51.98,0.0,ITEM-0087,9
24.99,753.28,Visa,POS,1.86,US,ORD-000276,2024-08-29 19:02:00,MGR-010,Merchant_16,GATE-02,MERCH-016,COMP-03,Company_C,WL-04,Braintree,PROC-02,void,completed,1.84,credit,16.0,0.0,ITEM-0015,8
103.15,2978.94,UnionPay,POS,0.22,IT,ORD-000277,2024-07-24 10:07:00,MGR-007,Merchant_44,GATE-01,MERCH-044,COMP-10,Company_J,WL-05,Adyen,PROC-03,purchase,completed,10.13,prepaid,150.74,73.79,ITEM-0019,7
21.04,848.57,Visa,Online,0.41,DE,ORD-000278,2024-07-11 05:01:00,MGR-003,Merchant_32,GATE-10,MERCH-032,COMP-02,Company_B,WL-03,Square,PROC-04,refund,pending,12.18,debit,74.08,0.0,ITEM-0082,5
69.39,2620.2,Amex,ATM,1.88,US,ORD-000279,2024-09-12 19:05:00,MGR-018,Merchant_41,GATE-04,MERCH-041,COMP-05,Company_E,WL-02,Stripe,PROC-05,purchase,processing,30.53,prepaid,14.79,0.0,ITEM-0098,9
72.64,2542.63,Mastercard,POS,1.29,US,ORD-000280,2024-03-17 21:54:00,MGR-002,Merchant_31,GATE-06,MERCH-031,COMP-08,Company_H,WL-03,Adyen,PROC-04,authorization,failed,10.41,virtual,20.24,0.0,ITEM-0006,2
174.1,3704.68,Amex,ATM,0.43,FR,ORD-000281,2024-04-30 23:28:00,MGR-011,Merchant_38,GATE-04,MERCH-038,COMP-10,Company_J,WL-01,PayPal,PROC-02,purchase,pending,39.27,virtual,269.55,0.0,ITEM-0026,7
57.69,4457.91,Discover,POS,1.21,IT,ORD-000282,2024-08-20 05:24:00,MGR-009,Merchant_24,GATE-04,MERCH-024,COMP-03,Company_C,WL-03,Adyen,PROC-01,void,completed,2.72,prepaid,291.46,0.0,ITEM-0018,2
120.73,4259.74,Discover,Recurring,0.43,BE,ORD-000283,2024-03-28 18:35:00,MGR-007,Merchant_15,GATE-10,MERCH-015,COMP-02,Company_B,WL-04,Square,PROC-03,purchase,cancelled,17.18,debit,566.38,0.0,ITEM-0032,6
41.14,2176.9,Visa,ATM,1.86,CA,ORD-000284,2024-01-23 01:30:00,MGR-013,Merchant_47,GATE-08,MERCH-047,COMP-09,Company_I,WL-01,Square,PROC-04,refund,completed,47.31,credit,298.37,41.78,ITEM-0089,7
72.72,4750.17,UnionPay,Online,0.66,BE,ORD-000285,2024-06-05 05:45:00,MGR-015,Merchant_30,GATE-03,MERCH-030,COMP-10,Company_J,WL-04,Adyen,PROC-03,capture,completed,32.38,credit,64.65,0.0,ITEM-0050,6
58.14,2659.29,Visa,Recurring,1.53,IT,ORD-000286,2024-04-16 21:05:00,MGR-002,Merchant_40,GATE-02,MERCH-040,COMP-06,Company_F,WL-04,PayPal,PROC-04,void,completed,34.9,prepaid,244.32,0.0,ITEM-0047,3
123.92,3244.38,Mastercard,POS,1.17,IT,ORD-000287,2024-10-03 03:41:00,MGR-012,Merchant_31,GATE-05,MERCH-031,COMP-10,Company_J,WL-05,Square,PROC-03,purchase,completed,38.68,prepaid,67.36,0.0,ITEM-0045,8
75.69,2436.27,Mastercard,ATM,0.33,UK,ORD-000288,2024-05-29 14:39:00,MGR-003,Merchant_24,GATE-07,MERCH-024,COMP-02,Company_B,WL-02,PayPal,PROC-01,purchase,pending,35.49,prepaid,247.88,0.0,ITEM-0015,3
111.9,2486.68,Visa,Mobile,1.09,FR,ORD-000289,2024-03-08 15:22:00,MGR-003,Merchant_27,GATE-01,MERCH-027,COMP-08,Company_H,WL-02,Braintree,PROC-03,capture,processing,31.36,prepaid,109.35,54.14,ITEM-0084,6
89.24,2435.88,Discover,Mobile,1.11,ES,ORD-000290,2024-06-05 05:50:00,MGR-002,Merchant_17,GATE-03,MERCH-017,COMP-04,Company_D,WL-03,PayPal,PROC-04,refund,processing,27.42,debit,167.35,0.0,ITEM-0092,9
70.13,1433.38,Mastercard,ATM,1.69,ES,ORD-000291,2024-05-01 03:02:00,MGR-012,Merchant_21,GATE-03,MERCH-021,COMP-10,Company_J,WL-02,Braintree,PROC-01,authorization,failed,34.64,debit,143.27,0.0,ITEM-0048,8
44.63,2703.93,Visa,Recurring,0.67,CA,ORD-000292,2024-03-15 14:59:00,MGR-011,Merchant_21,GATE-05,MERCH-021,COMP-03,Company_C,WL-04,PayPal,PROC-05,refund,processing,46.02,virtual,164.09,0.0,ITEM-0044,2
168.43,3660.89,Visa,Recurring,0.36,FR,ORD-000293,2024-04-22 14:22:00,MGR-019,Merchant_6,GATE-09,MERCH-006,COMP-06,Company_F,WL-02,PayPal,PROC-02,purchase,completed,27.55,virtual,169.18,0.0,ITEM-0087,2
125.78,4879.44,Amex,ATM,1.03,IT,ORD-000294,2024-07-03 12:09:00,MGR-001,Merchant_46,GATE-05,MERCH-046,COMP-07,Company_G,WL-03,PayPal,PROC-03,capture,processing,30.16,credit,374.42,0.0,ITEM-0028,8
98.78,3710.22,Visa,POS,0.94,FR,ORD-000295,2024-07-31 04:53:00,MGR-010,Merchant_38,GATE-08,MERCH-038,COMP-10,Company_J,WL-05,PayPal,PROC-01,void,cancelled,8.19,credit,405.16,72.86,ITEM-0001,7
66.94,3197.64,Amex,Recurring,0.43,ES,ORD-000296,2024-07-14 09:35:00,MGR-016,Merchant_32,GATE-09,MERCH-032,COMP-01,Company_A,WL-04,Adyen,PROC-01,purchase,pending,23.11,prepaid,272.4,19.93,ITEM-0039,8
23.07,629.64,Visa,Recurring,0.65,IT,ORD-000297,2024-01-15 03:48:00,MGR-019,Merchant_18,GATE-08,MERCH-018,COMP-08,Company_H,WL-05,Square,PROC-03,capture,completed,8.97,prepaid,85.64,0.0,ITEM-0066,10
1.99,97.55,Discover,Mobile,1.21,US,ORD-000298,2024-07-01 05:03:00,MGR-010,Merchant_18,GATE-05,MERCH-018,COMP-06,Company_F,WL-05,Stripe,PROC-05,refund,pending,7.31,credit,6.75,0.0,ITEM-0077,3
122.26,2723.12,Mastercard,Online,1.67,DE,ORD-000299,2024-07-04 03:34:00,MGR-017,Merchant_38,GATE-05,MERCH-038,COMP-06,Company_F,WL-03,Square,PROC-04,authorization,pending,34.25,credit,122.98,0.0,ITEM-0028,3
109.1,2521.88,Discover,Online,1.61,UK,ORD-000300,2024-10-09 22:48:00,MGR-005,Merchant_8,GATE-01,MERCH-008,COMP-07,Company_G,WL-04,PayPal,PROC-03,authorization,pending,27.93,virtual,260.88,84.61,ITEM-0077,9
90.47,3820.31,Mastercard,POS,1.45,UK,ORD-000301,2024-03-13 22:14:00,MGR-014,Merchant_20,GATE-02,MERCH-020,COMP-03,Company_C,WL-01,Stripe,PROC-04,capture,completed,1.44,debit,466.79,0.0,ITEM-0014,1
121.16,3967.35,Mastercard,Recurring,0.21,FR,ORD-000302,2024-01-06 03:50:00,MGR-006,Merchant_8,GATE-06,MERCH-008,COMP-10,Company_J,WL-01,Stripe,PROC-02,authorization,processing,5.95,prepaid,150.57,0.0,ITEM-0046,3
176.36,4277.14,Mastercard,Recurring,1.26,US,ORD-000303,2024-09-27 06:45:00,MGR-004,Merchant_13,GATE-04,MERCH-013,COMP-05,Company_E,WL-05,Square,PROC-03,void,pending,25.25,virtual,43.84,76.32,ITEM-0087,2
22.07,912.43,Mastercard,ATM,0.82,IT,ORD-000304,2024-06-09 03:29:00,MGR-010,Merchant_8,GATE-09,MERCH-008,COMP-09,Company_I,WL-01,Stripe,PROC-03,capture,completed,10.71,virtual,31.14,0.0,ITEM-0037,8
67.57,3005.94,Amex,POS,1.95,US,ORD-000305,2024-08-07 06:54:00,MGR-016,Merchant_5,GATE-02,MERCH-005,COMP-08,Company_H,WL-04,Square,PROC-05,purchase,completed,22.2,debit,249.76,0.0,ITEM-0051,7
170.79,3478.24,Visa,POS,1.51,NL,ORD-000306,2024-04-11 10:12:00,MGR-016,Merchant_39,GATE-05,MERCH-039,COMP-07,Company_G,WL-05,Braintree,PROC-03,capture,failed,44.62,virtual,88.03,0.0,ITEM-0086,10
235.19,4751.19,Visa,Online,1.07,US,ORD-000307,2024-09-07 15:14:00,MGR-003,Merchant_41,GATE-08,MERCH-041,COMP-03,Company_C,WL-01,Adyen,PROC-04,void,failed,7.37,debit,324.01,0.0,ITEM-0039,10
126.07,3119.93,Amex,Recurring,1.36,IT,ORD-000308,2024-05-30 21:31:00,MGR-018,Merchant_32,GATE-09,MERCH-032,COMP-09,Company_I,WL-01,Stripe,PROC-04,purchase,cancelled,26.0,virtual,230.34,0.0,ITEM-0041,7
25.38,2218.36,Discover,Online,0.44,AU,ORD-000309,2024-08-08 04:19:00,MGR-016,Merchant_46,GATE-09,MERCH-046,COMP-07,Company_G,WL-05,Braintree,PROC-04,capture,processing,32.97,debit,259.34,16.41,ITEM-0065,1
58.47,1963.01,Amex,Recurring,1.94,US,ORD-000310,2024-01-15 18:02:00,MGR-011,Merchant_9,GATE-07,MERCH-009,COMP-06,Company_F,WL-01,Square,PROC-03,authorization,cancelled,30.85,prepaid,103.87,32.05,ITEM-0008,4
44.75,1245.59,Visa,ATM,1.23,NL,ORD-000311,2024-06-21 05:01:00,MGR-019,Merchant_35,GATE-09,MERCH-035,COMP-06,Company_F,WL-04,PayPal,PROC-01,capture,processing,45.52,credit,12.24,0.0,ITEM-0041,7
65.39,2856.06,Mastercard,Recurring,0.29,ES,ORD-000312,2024-09-11 16:51:00,MGR-012,Merchant_49,GATE-07,MERCH-049,COMP-06,Company_F,WL-02,Square,PROC-01,void,pending,24.42,prepaid,295.97,0.0,ITEM-0034,1
49.2,1493.63,Discover,ATM,1.63,FR,ORD-000313,2024-06-21 08:04:00,MGR-012,Merchant_37,GATE-02,MERCH-037,COMP-09,Company_I,WL-03,Braintree,PROC-03,capture,processing,31.23,prepaid,214.62,57.82,ITEM-0026,7
70.61,2017.48,Discover,Mobile,0.96,CA,ORD-000314,2024-09-21 05:36:00,MGR-020,Merchant_32,GATE-07,MERCH-032,COMP-04,Company_D,WL-05,Stripe,PROC-05,refund,failed,38.17,virtual,54.65,0.0,ITEM-0019,4
28.47,760.86,Amex,Recurring,0.67,FR,ORD-000315,2024-04-14 13:17:00,MGR-013,Merchant_19,GATE-04,MERCH-019,COMP-03,Company_C,WL-01,Adyen,PROC-02,purchase,pending,21.77,prepaid,36.37,6.44,ITEM-0060,8
76.94,2803.53,Visa,ATM,1.33,US,ORD-000316,2024-05-12 08:42:00,MGR-002,Merchant_36,GATE-02,MERCH-036,COMP-03,Company_C,WL-03,Braintree,PROC-03,purchase,cancelled,1.85,prepaid,67.01,0.0,ITEM-0086,2
86.77,1990.51,Amex,ATM,1.7,UK,ORD-000317,2024-03-02 16:42:00,MGR-008,Merchant_38,GATE-10,MERCH-038,COMP-09,Company_I,WL-01,PayPal,PROC-03,void,cancelled,11.8,debit,170.48,0.0,ITEM-0055,4
12.41,729.95,Amex,Recurring,1.94,NL,ORD-000318,2024-09-08 17:23:00,MGR-016,Merchant_45,GATE-04,MERCH-045,COMP-02,Company_B,WL-03,Adyen,PROC-03,capture,failed,21.97,prepaid,27.84,0.0,ITEM-0003,10
7.27,183.7,Visa,Recurring,1.62,FR,ORD-000319,2024-05-09 17:24:00,MGR-015,Merchant_20,GATE-07,MERCH-020,COMP-06,Company_F,WL-01,Square,PROC-03,authorization,completed,2.73,debit,25.28,0.0,ITEM-0039,4
70.53,4298.49,Discover,ATM,0.93,IT,ORD-000320,2024-01-18 08:55:00,MGR-014,Merchant_6,GATE-02,MERCH-006,COMP-08,Company_H,WL-02,PayPal,PROC-05,purchase,failed,15.86,virtual,523.72,0.0,ITEM-0078,9
103.85,3691.55,Amex,Recurring,0.15,UK,ORD-000321,2024-03-10 00:25:00,MGR-004,Merchant_13,GATE-03,MERCH-013,COMP-05,Company_E,WL-02,Braintree,PROC-02,void,cancelled,2.6,prepaid,355.27,0.0,ITEM-0058,8
67.02,4368.79,Discover,Recurring,0.43,FR,ORD-000322,2024-02-13 13:23:00,MGR-001,Merchant_12,GATE-01,MERCH-012,COMP-07,Company_G,WL-05,Braintree,PROC-02,purchase,cancelled,29.65,debit,214.67,0.0,ITEM-0034,3
8.97,258.42,Discover,ATM,1.24,BE,ORD-000323,2024-10-17 03:00:00,MGR-004,Merchant_46,GATE-04,MERCH-046,COMP-09,Company_I,WL-02,Adyen,PROC-03,authorization,cancelled,7.46,virtual,37.14,0.0,ITEM-0017,7
145.64,4283.13,Mastercard,Recurring,1.99,BE,ORD-000324,2024-07-28 04:01:00,MGR-008,Merchant_19,GATE-06,MERCH-019,COMP-05,Company_E,WL-05,Square,PROC-01,purchase,cancelled,14.15,debit,435.07,0.0,ITEM-0042,7
132.45,3437.39,Amex,Recurring,1.45,AU,ORD-000325,2024-01-31 01:21:00,MGR-002,Merchant_16,GATE-01,MERCH-016,COMP-08,Company_H,WL-03,Braintree,PROC-05,capture,failed,36.81,virtual,132.11,0.0,ITEM-0086,6
30.61,669.87,UnionPay,ATM,0.18,DE,ORD-000326,2024-06-22 14:08:00,MGR-009,Merchant_6,GATE-02,MERCH-006,COMP-06,Company_F,WL-03,Stripe,PROC-02,capture,failed,8.97,prepaid,17.07,0.0,ITEM-0056,5
92.69,4514.94,UnionPay,ATM,1.68,US,ORD-000327,2024-03-25 10:47:00,MGR-007,Merchant_32,GATE-03,MERCH-032,COMP-03,Company_C,WL-01,Adyen,PROC-02,purchase,cancelled,46.34,prepaid,350.12,0.0,ITEM-0021,8
108.97,2187.79,Visa,Mobile,1.86,UK,ORD-000328,2024-09-09 03:54:00,MGR-007,Merchant_47,GATE-05,MERCH-047,COMP-03,Company_C,WL-02,Adyen,PROC-05,authorization,processing,2.04,debit,117.0,48.52,ITEM-0075,1
86.51,2634.82,Discover,Mobile,0.89,AU,ORD-000329,2024-06-17 00:18:00,MGR-004,Merchant_44,GATE-06,MERCH-044,COMP-02,Company_B,WL-02,Stripe,PROC-01,capture,cancelled,3.84,virtual,303.63,0.0,ITEM-0081,5
30.44,2975.08,Amex,Online,1.94,UK,ORD-000330,2024-10-18 04:13:00,MGR-018,Merchant_4,GATE-10,MERCH-004,COMP-05,Company_E,WL-04,Stripe,PROC-04,authorization,pending,32.81,debit,424.35,0.0,ITEM-0099,7
20.06,455.05,UnionPay,POS,0.41,IT,ORD-000331,2024-03-02 09:31:00,MGR-004,Merchant_28,GATE-06,MERCH-028,COMP-05,Company_E,WL-05,Adyen,PROC-04,capture,cancelled,38.97,virtual,19.45,65.41,ITEM-0035,10
40.9,3005.7,Mastercard,POS,0.9,BE,ORD-000332,2024-02-17 01:32:00,MGR-017,Merchant_22,GATE-09,MERCH-022,COMP-08,Company_H,WL-01,PayPal,PROC-04,capture,completed,18.41,virtual,84.02,0.0,ITEM-0039,3
183.91,4921.09,Visa,Recurring,0.67,NL,ORD-000333,2024-10-09 02:58:00,MGR-014,Merchant_3,GATE-02,MERCH-003,COMP-09,Company_I,WL-04,Braintree,PROC-03,authorization,failed,12.43,credit,315.74,0.0,ITEM-0099,9
3.61,91.18,Discover,ATM,0.98,AU,ORD-000334,2024-08-01 22:19:00,MGR-009,Merchant_21,GATE-06,MERCH-021,COMP-10,Company_J,WL-02,Adyen,PROC-02,purchase,processing,39.31,prepaid,11.53,0.0,ITEM-0087,2
23.3,2174.66,Amex,Recurring,0.85,AU,ORD-000335,2024-07-26 21:47:00,MGR-012,Merchant_39,GATE-07,MERCH-039,COMP-08,Company_H,WL-03,Stripe,PROC-02,refund,completed,0.67,debit,213.92,0.0,ITEM-0015,1
61.06,3483.2,Mastercard,ATM,0.15,NL,ORD-000336,2024-10-02 06:05:00,MGR-001,Merchant_20,GATE-02,MERCH-020,COMP-08,Company_H,WL-02,Adyen,PROC-04,capture,cancelled,24.06,credit,75.84,0.0,ITEM-0058,10
26.6,1220.72,UnionPay,Recurring,1.68,ES,ORD-000337,2024-08-09 13:54:00,MGR-002,Merchant_32,GATE-08,MERCH-032,COMP-10,Company_J,WL-04,Square,PROC-05,void,processing,19.59,virtual,61.13,0.0,ITEM-0030,1
71.13,2646.26,Discover,ATM,0.7,US,ORD-000338,2024-08-30 03:31:00,MGR-006,Merchant_40,GATE-05,MERCH-040,COMP-06,Company_F,WL-02,Square,PROC-03,capture,pending,3.18,debit,354.42,0.0,ITEM-0076,6
203.45,4609.46,Discover,POS,1.46,AU,ORD-000339,2024-08-01 21:41:00,MGR-007,Merchant_48,GATE-05,MERCH-048,COMP-06,Company_F,WL-01,Square,PROC-02,refund,pending,23.42,debit,610.64,39.04,ITEM-0078,8
13.68,513.51,Mastercard,POS,1.99,CA,ORD-000340,2024-01-10 11:56:00,MGR-002,Merchant_17,GATE-02,MERCH-017,COMP-06,Company_F,WL-03,Square,PROC-01,void,pending,15.18,credit,16.13,0.0,ITEM-0072,4
121.23,2436.96,Visa,Online,1.59,BE,ORD-000341,2024-03-18 22:55:00,MGR-015,Merchant_33,GATE-02,MERCH-033,COMP-10,Company_J,WL-01,Braintree,PROC-05,purchase,processing,38.47,credit,281.5,0.0,ITEM-0065,2
12.42,843.56,Amex,Mobile,0.49,DE,ORD-000342,2024-09-12 23:55:00,MGR-004,Merchant_7,GATE-04,MERCH-007,COMP-03,Company_C,WL-04,Square,PROC-01,refund,cancelled,18.08,prepaid,92.16,76.2,ITEM-0037,9
17.85,864.6,Discover,ATM,1.46,NL,ORD-000343,2024-09-28 13:50:00,MGR-015,Merchant_15,GATE-09,MERCH-015,COMP-03,Company_C,WL-03,Stripe,PROC-04,refund,completed,20.75,credit,81.63,0.0,ITEM-0011,6
77.9,1580.87,Amex,ATM,0.41,NL,ORD-000344,2024-03-18 18:03:00,MGR-018,Merchant_41,GATE-05,MERCH-041,COMP-09,Company_I,WL-03,PayPal,PROC-01,authorization,processing,3.07,debit,180.03,0.0,ITEM-0090,7
40.72,2236.48,Visa,Recurring,1.13,IT,ORD-000345,2024-07-26 06:56:00,MGR-013,Merchant_20,GATE-03,MERCH-020,COMP-02,Company_B,WL-05,Braintree,PROC-03,refund,completed,39.42,prepaid,218.74,0.0,ITEM-0067,6
62.12,3787.66,Visa,Mobile,0.15,ES,ORD-000346,2024-06-04 23:27:00,MGR-017,Merchant_33,GATE-06,MERCH-033,COMP-02,Company_B,WL-01,Stripe,PROC-01,capture,failed,39.83,credit,336.63,0.0,ITEM-0059,6
207.49,4914.92,Amex,Recurring,1.98,DE,ORD-000347,2024-09-30 19:14:00,MGR-013,Merchant_23,GATE-09,MERCH-023,COMP-05,Company_E,WL-02,Stripe,PROC-03,void,processing,28.28,debit,659.34,0.0,ITEM-0100,6
36.12,2277.0,Amex,Recurring,0.91,NL,ORD-000348,2024-03-07 15:13:00,MGR-019,Merchant_29,GATE-09,MERCH-029,COMP-02,Company_B,WL-05,Square,PROC-03,void,cancelled,20.6,virtual,31.51,0.0,ITEM-0057,8
97.67,3661.27,Discover,ATM,0.41,US,ORD-000349,2024-09-19 16:07:00,MGR-006,Merchant_45,GATE-09,MERCH-045,COMP-04,Company_D,WL-03,Stripe,PROC-05,capture,completed,25.29,credit,266.23,0.0,ITEM-0048,10
44.98,1455.06,Visa,Mobile,0.32,ES,ORD-000350,2024-01-15 04:09:00,MGR-007,Merchant_38,GATE-03,MERCH-038,COMP-07,Company_G,WL-04,Stripe,PROC-01,void,failed,15.25,credit,81.73,0.0,ITEM-0006,7
53.98,2411.07,Discover,ATM,0.96,DE,ORD-000351,2024-03-08 04:32:00,MGR-011,Merchant_41,GATE-02,MERCH-041,COMP-08,Company_H,WL-05,Braintree,PROC-04,capture,pending,16.89,virtual,136.46,83.37,ITEM-0044,9
8.79,238.64,UnionPay,Online,0.94,CA,ORD-000352,2024-01-13 18:40:00,MGR-003,Merchant_50,GATE-04,MERCH-050,COMP-05,Company_E,WL-05,Braintree,PROC-05,purchase,processing,13.87,debit,3.17,0.0,ITEM-0097,8
27.06,2518.17,Discover,Online,1.35,CA,ORD-000353,2024-04-15 07:53:00,MGR-020,Merchant_46,GATE-06,MERCH-046,COMP-10,Company_J,WL-04,Braintree,PROC-01,capture,completed,26.59,prepaid,363.51,0.0,ITEM-0056,3
92.35,2080.53,Visa,POS,0.7,ES,ORD-000354,2024-03-27 09:09:00,MGR-014,Merchant_12,GATE-03,MERCH-012,COMP-05,Company_E,WL-01,Braintree,PROC-03,refund,completed,12.86,credit,35.78,0.0,ITEM-0039,7
7.89,502.73,UnionPay,Recurring,1.8,NL,ORD-000355,2024-05-02 19:37:00,MGR-004,Merchant_16,GATE-05,MERCH-016,COMP-08,Company_H,WL-01,PayPal,PROC-04,void,cancelled,12.9,credit,71.0,5.19,ITEM-0062,1
39.54,2043.39,UnionPay,ATM,1.78,BE,ORD-000356,2024-05-06 17:41:00,MGR-003,Merchant_9,GATE-09,MERCH-009,COMP-05,Company_E,WL-02,Adyen,PROC-03,void,pending,13.46,debit,295.31,0.0,ITEM-0069,7
154.82,4807.15,UnionPay,Mobile,0.18,NL,ORD-000357,2024-03-26 00:03:00,MGR-012,Merchant_31,GATE-04,MERCH-031,COMP-05,Company_E,WL-05,Braintree,PROC-03,purchase,pending,40.63,credit,693.03,0.0,ITEM-0039,2
29.58,1982.57,Amex,ATM,0.37,ES,ORD-000358,2024-09-15 10:56:00,MGR-008,Merchant_44,GATE-06,MERCH-044,COMP-06,Company_F,WL-03,Adyen,PROC-04,void,failed,27.82,credit,83.11,0.0,ITEM-0089,3
32.62,3235.75,UnionPay,Online,1.01,BE,ORD-000359,2024-09-07 12:34:00,MGR-004,Merchant_6,GATE-06,MERCH-006,COMP-02,Company_B,WL-04,Braintree,PROC-03,capture,pending,45.07,credit,326.51,0.0,ITEM-0016,8
32.94,1858.7,Mastercard,POS,0.12,BE,ORD-000360,2024-07-02 06:05:00,MGR-012,Merchant_40,GATE-01,MERCH-040,COMP-05,Company_E,WL-03,Square,PROC-05,refund,completed,37.16,debit,211.45,0.0,ITEM-0082,7
11.89,563.62,Visa,POS,1.05,ES,ORD-000361,2024-10-16 05:04:00,MGR-019,Merchant_38,GATE-04,MERCH-038,COMP-03,Company_C,WL-05,PayPal,PROC-02,purchase,processing,8.52,prepaid,16.38,67.22,ITEM-0088,9
44.51,4416.68,Discover,ATM,0.91,IT,ORD-000362,2024-07-27 08:07:00,MGR-017,Merchant_44,GATE-01,MERCH-044,COMP-09,Company_I,WL-02,Stripe,PROC-03,capture,processing,33.65,virtual,430.65,32.3,ITEM-0041,1
45.97,1965.38,Mastercard,Mobile,1.77,ES,ORD-000363,2024-08-04 02:58:00,MGR-003,Merchant_16,GATE-02,MERCH-016,COMP-04,Company_D,WL-01,Square,PROC-04,purchase,processing,40.38,prepaid,291.94,0.0,ITEM-0033,4
10.71,548.12,Visa,Online,0.75,US,ORD-000364,2024-08-12 03:40:00,MGR-002,Merchant_29,GATE-07,MERCH-029,COMP-10,Company_J,WL-03,Stripe,PROC-02,purchase,cancelled,2.72,credit,27.43,94.35,ITEM-0039,10
39.6,3134.66,UnionPay,Recurring,1.39,US,ORD-000365,2024-02-19 19:48:00,MGR-015,Merchant_27,GATE-07,MERCH-027,COMP-04,Company_D,WL-04,Square,PROC-05,void,completed,27.96,prepaid,138.67,0.0,ITEM-0084,1
52.64,2275.84,Amex,Mobile,0.47,NL,ORD-000366,2024-04-09 18:08:00,MGR-016,Merchant_41,GATE-10,MERCH-041,COMP-09,Company_I,WL-04,Adyen,PROC-02,refund,completed,5.13,credit,203.18,0.0,ITEM-0017,5
89.34,2926.77,Amex,Mobile,1.34,IT,ORD-000367,2024-03-15 04:30:00,MGR-001,Merchant_20,GATE-09,MERCH-020,COMP-10,Company_J,WL-05,Adyen,PROC-01,refund,processing,17.89,credit,256.24,0.0,ITEM-0055,6
17.75,985.08,UnionPay,Mobile,1.83,AU,ORD-000368,2024-08-27 19:44:00,MGR-010,Merchant_22,GATE-07,MERCH-022,COMP-10,Company_J,WL-03,Adyen,PROC-01,capture,completed,39.26,virtual,50.47,0.0,ITEM-0029,1
120.64,3197.45,Amex,Online,0.99,UK,ORD-000369,2024-07-11 06:25:00,MGR-012,Merchant_12,GATE-01,MERCH-012,COMP-01,Company_A,WL-05,Stripe,PROC-02,authorization,cancelled,10.66,debit,230.57,81.47,ITEM-0081,10
111.36,4564.42,Mastercard,POS,1.95,FR,ORD-000370,2024-05-14 23:11:00,MGR-001,Merchant_22,GATE-03,MERCH-022,COMP-09,Company_I,WL-03,Stripe,PROC-01,refund,cancelled,9.96,credit,194.51,0.0,ITEM-0044,4
30.04,1532.31,Mastercard,POS,1.64,FR,ORD-000371,2024-08-10 22:04:00,MGR-018,Merchant_8,GATE-07,MERCH-008,COMP-03,Company_C,WL-03,PayPal,PROC-05,capture,pending,33.05,credit,216.32,99.77,ITEM-0098,10
129.92,2940.76,Discover,POS,0.66,UK,ORD-000372,2024-05-23 04:54:00,MGR-016,Merchant_33,GATE-10,MERCH-033,COMP-10,Company_J,WL-01,Adyen,PROC-05,capture,processing,7.43,prepaid,109.03,0.0,ITEM-0064,9
53.22,2326.69,Visa,POS,0.81,FR,ORD-000373,2024-05-17 18:25:00,MGR-007,Merchant_41,GATE-08,MERCH-041,COMP-10,Company_J,WL-02,Square,PROC-02,authorization,cancelled,34.73,virtual,249.76,0.0,ITEM-0074,3
116.79,4678.14,UnionPay,Recurring,1.15,IT,ORD-000374,2024-06-29 07:37:00,MGR-014,Merchant_3,GATE-08,MERCH-003,COMP-08,Company_H,WL-04,Square,PROC-04,authorization,cancelled,6.72,prepaid,58.96,0.0,ITEM-0035,7
3.69,133.34,Amex,POS,0.6,UK,ORD-000375,2024-09-13 16:34:00,MGR-004,Merchant_42,GATE-02,MERCH-042,COMP-02,Company_B,WL-03,Stripe,PROC-05,refund,failed,3.79,debit,18.03,0.0,ITEM-0087,6
50.06,1257.62,Visa,Mobile,1.56,ES,ORD-000376,2024-03-11 22:47:00,MGR-012,Merchant_35,GATE-07,MERCH-035,COMP-05,Company_E,WL-04,Braintree,PROC-01,capture,processing,42.27,debit,35.96,0.0,ITEM-0051,4
45.65,1142.36,Mastercard,ATM,1.0,NL,ORD-000377,2024-08-24 10:50:00,MGR-007,Merchant_6,GATE-08,MERCH-006,COMP-06,Company_F,WL-04,Braintree,PROC-01,authorization,pending,25.79,debit,134.68,72.25,ITEM-0040,1
91.03,2504.0,UnionPay,Online,0.77,DE,ORD-000378,2024-10-02 09:20:00,MGR-005,Merchant_38,GATE-06,MERCH-038,COMP-01,Company_A,WL-05,Braintree,PROC-05,void,cancelled,11.27,virtual,159.9,76.28,ITEM-0027,7
8.35,327.91,Mastercard,Online,1.0,AU,ORD-000379,2024-06-04 02:10:00,MGR-016,Merchant_7,GATE-01,MERCH-007,COMP-09,Company_I,WL-02,Adyen,PROC-01,capture,failed,16.44,debit,47.31,0.0,ITEM-0030,5
42.25,3301.25,Discover,Online,0.21,NL,ORD-000380,2024-03-21 03:08:00,MGR-007,Merchant_35,GATE-03,MERCH-035,COMP-07,Company_G,WL-02,PayPal,PROC-04,capture,pending,25.93,prepaid,85.09,41.09,ITEM-0076,4
94.13,2517.35,Amex,Recurring,0.62,BE,ORD-000381,2024-07-23 19:51:00,MGR-015,Merchant_16,GATE-08,MERCH-016,COMP-09,Company_I,WL-05,Stripe,PROC-01,authorization,cancelled,0.37,prepaid,53.88,0.0,ITEM-0090,5
84.22,1961.54,UnionPay,Online,1.71,NL,ORD-000382,2024-08-09 14:24:00,MGR-002,Merchant_43,GATE-04,MERCH-043,COMP-03,Company_C,WL-02,PayPal,PROC-05,authorization,completed,20.75,debit,52.84,0.0,ITEM-0064,7
159.35,4962.02,Visa,ATM,1.99,US,ORD-000383,2024-08-18 05:16:00,MGR-003,Merchant_14,GATE-08,MERCH-014,COMP-09,Company_I,WL-04,PayPal,PROC-04,refund,cancelled,3.83,credit,78.32,32.6,ITEM-0002,5
27.18,582.27,Mastercard,ATM,0.72,ES,ORD-000384,2024-10-07 21:15:00,MGR-006,Merchant_46,GATE-03,MERCH-046,COMP-08,Company_H,WL-01,Braintree,PROC-01,refund,failed,37.43,credit,42.34,0.0,ITEM-0069,7
31.35,850.58,Visa,Recurring,0.12,UK,ORD-000385,2024-01-18 21:34:00,MGR-013,Merchant_14,GATE-05,MERCH-014,COMP-08,Company_H,WL-04,Stripe,PROC-05,purchase,completed,13.66,virtual,56.22,0.0,ITEM-0099,4
116.05,4644.81,Visa,POS,0.55,DE,ORD-000386,2024-04-08 21:42:00,MGR-002,Merchant_5,GATE-07,MERCH-005,COMP-04,Company_D,WL-05,Stripe,PROC-03,authorization,processing,4.57,debit,293.8,33.71,ITEM-0080,4
120.56,4672.29,Discover,POS,0.91,BE,ORD-000387,2024-01-08 12:41:00,MGR-008,Merchant_21,GATE-02,MERCH-021,COMP-01,Company_A,WL-03,Braintree,PROC-03,purchase,completed,11.62,debit,74.21,0.0,ITEM-0053,5
115.14,3840.05,Mastercard,Mobile,1.98,DE,ORD-000388,2024-05-08 03:38:00,MGR-011,Merchant_21,GATE-08,MERCH-021,COMP-07,Company_G,WL-01,PayPal,PROC-01,void,processing,35.63,virtual,455.77,56.92,ITEM-0049,9
61.88,3206.55,Mastercard,Recurring,1.22,UK,ORD-000389,2024-03-04 09:15:00,MGR-002,Merchant_48,GATE-03,MERCH-048,COMP-07,Company_G,WL-03,Square,PROC-03,refund,pending,49.42,virtual,111.88,0.0,ITEM-0027,1
46.73,1197.94,UnionPay,ATM,1.98,ES,ORD-000390,2024-06-11 20:50:00,MGR-001,Merchant_49,GATE-04,MERCH-049,COMP-01,Company_A,WL-03,PayPal,PROC-02,refund,processing,22.19,credit,157.65,0.0,ITEM-0086,4
151.75,4009.24,Mastercard,Online,0.52,DE,ORD-000391,2024-01-04 02:55:00,MGR-007,Merchant_32,GATE-03,MERCH-032,COMP-02,Company_B,WL-01,Adyen,PROC-05,void,pending,43.64,debit,313.61,0.0,ITEM-0065,2
61.29,2136.94,Amex,ATM,0.41,UK,ORD-000392,2024-06-04 09:36:00,MGR-012,Merchant_29,GATE-07,MERCH-029,COMP-04,Company_D,WL-04,Adyen,PROC-04,capture,cancelled,9.88,virtual,135.91,0.0,ITEM-0098,3
171.14,4099.82,Amex,ATM,0.14,BE,ORD-000393,2024-10-02 04:35:00,MGR-010,Merchant_47,GATE-08,MERCH-047,COMP-03,Company_C,WL-03,Square,PROC-05,void,cancelled,19.07,credit,525.21,92.15,ITEM-0043,3
63.78,3577.17,Discover,ATM,1.84,ES,ORD-000394,2024-07-26 13:25:00,MGR-019,Merchant_48,GATE-02,MERCH-048,COMP-06,Company_F,WL-04,Stripe,PROC-01,capture,processing,0.21,debit,462.34,37.43,ITEM-0025,7
195.51,4785.91,Discover,POS,1.53,FR,ORD-000395,2024-07-07 22:03:00,MGR-016,Merchant_42,GATE-01,MERCH-042,COMP-07,Company_G,WL-03,Stripe,PROC-02,authorization,processing,17.43,virtual,509.07,0.0,ITEM-0088,3
43.59,1278.9,UnionPay,POS,1.91,NL,ORD-000396,2024-07-15 12:45:00,MGR-006,Merchant_38,GATE-07,MERCH-038,COMP-02,Company_B,WL-03,PayPal,PROC-05,void,cancelled,42.08,prepaid,2.37,64.44,ITEM-0094,7
176.84,3764.79,Amex,Online,1.75,DE,ORD-000397,2024-05-17 23:13:00,MGR-016,Merchant_48,GATE-01,MERCH-048,COMP-07,Company_G,WL-01,Stripe,PROC-04,void,cancelled,5.46,prepaid,323.36,81.42,ITEM-0094,7
21.52,861.46,Mastercard,Mobile,1.44,NL,ORD-000398,2024-04-18 05:12:00,MGR-015,Merchant_4,GATE-10,MERCH-004,COMP-03,Company_C,WL-01,Adyen,PROC-01,authorization,completed,9.9,virtual,23.52,45.07,ITEM-0016,5
3.7,330.67,Visa,POS,0.55,CA,ORD-000399,2024-05-16 00:42:00,MGR-001,Merchant_38,GATE-07,MERCH-038,COMP-01,Company_A,WL-05,Braintree,PROC-03,capture,cancelled,24.26,prepaid,37.72,0.0,ITEM-0078,7
62.97,1689.39,Amex,Online,0.75,US,ORD-000400,2024-07-23 12:39:00,MGR-015,Merchant_4,GATE-07,MERCH-004,COMP-06,Company_F,WL-02,Stripe,PROC-05,purchase,processing,15.76,prepaid,60.72,0.0,ITEM-0090,4
64.2,1848.47,Amex,ATM,1.35,FR,ORD-000401,2024-06-13 00:40:00,MGR-020,Merchant_24,GATE-08,MERCH-024,COMP-01,Company_A,WL-04,Braintree,PROC-01,authorization,cancelled,23.76,virtual,114.55,0.0,ITEM-0085,2
79.93,3674.05,Amex,Recurring,0.47,BE,ORD-000402,2024-09-15 01:08:00,MGR-006,Merchant_32,GATE-08,MERCH-032,COMP-02,Company_B,WL-01,Square,PROC-05,refund,pending,7.16,debit,286.61,0.0,ITEM-0022,2
26.67,536.29,Visa,POS,0.16,CA,ORD-000403,2024-05-23 07:46:00,MGR-016,Merchant_17,GATE-02,MERCH-017,COMP-08,Company_H,WL-03,Adyen,PROC-05,void,completed,46.45,prepaid,26.26,0.0,ITEM-0049,7
135.52,3273.06,UnionPay,POS,1.94,UK,ORD-000404,2024-05-28 02:07:00,MGR-019,Merchant_6,GATE-06,MERCH-006,COMP-06,Company_F,WL-02,PayPal,PROC-04,void,completed,21.85,prepaid,114.57,0.0,ITEM-0008,10
117.73,2682.66,Mastercard,Online,1.96,NL,ORD-000405,2024-03-05 16:42:00,MGR-001,Merchant_39,GATE-09,MERCH-039,COMP-10,Company_J,WL-04,PayPal,PROC-02,authorization,pending,15.98,virtual,146.89,0.0,ITEM-0088,8
15.91,745.65,Amex,Recurring,1.52,BE,ORD-000406,2024-06-12 09:32:00,MGR-007,Merchant_45,GATE-08,MERCH-045,COMP-02,Company_B,WL-03,Square,PROC-01,authorization,pending,42.46,debit,92.58,0.0,ITEM-0094,4
42.42,3505.03,Discover,ATM,1.74,IT,ORD-000407,2024-03-22 00:35:00,MGR-013,Merchant_26,GATE-07,MERCH-026,COMP-06,Company_F,WL-01,Braintree,PROC-03,authorization,pending,8.95,virtual,256.31,0.0,ITEM-0013,3
67.64,1623.86,Amex,POS,1.75,FR,ORD-000408,2024-03-24 18:08:00,MGR-007,Merchant_29,GATE-04,MERCH-029,COMP-08,Company_H,WL-01,PayPal,PROC-05,purchase,pending,2.71,virtual,227.64,0.0,ITEM-0055,3
64.1,4630.67,Mastercard,Online,1.95,UK,ORD-000409,2024-08-10 04:40:00,MGR-008,Merchant_47,GATE-07,MERCH-047,COMP-07,Company_G,WL-04,PayPal,PROC-05,refund,cancelled,8.98,credit,36.45,65.01,ITEM-0100,8
155.78,4325.83,Mastercard,Online,0.62,AU,ORD-000410,2024-02-12 03:31:00,MGR-019,Merchant_42,GATE-10,MERCH-042,COMP-09,Company_I,WL-04,PayPal,PROC-01,void,pending,32.66,virtual,238.35,0.0,ITEM-0062,7
22.5,1498.83,UnionPay,Recurring,0.72,BE,ORD-000411,2024-07-26 22:01:00,MGR-003,Merchant_26,GATE-09,MERCH-026,COMP-09,Company_I,WL-05,Braintree,PROC-01,refund,completed,35.69,debit,193.85,0.0,ITEM-0077,3
1.02,36.57,Visa,Online,0.7,CA,ORD-000412,2024-02-14 17:16:00,MGR-010,Merchant_49,GATE-06,MERCH-049,COMP-01,Company_A,WL-05,Adyen,PROC-04,purchase,pending,1.96,prepaid,3.15,0.0,ITEM-0006,9
98.33,4524.05,Visa,Online,1.11,FR,ORD-000413,2024-06-29 19:34:00,MGR-002,Merchant_33,GATE-04,MERCH-033,COMP-04,Company_D,WL-02,PayPal,PROC-02,refund,processing,6.99,debit,332.82,0.0,ITEM-0076,6
54.6,1394.2,Discover,POS,0.9,CA,ORD-000414,2024-03-24 12:29:00,MGR-007,Merchant_6,GATE-02,MERCH-006,COMP-05,Company_E,WL-03,Adyen,PROC-03,void,processing,27.49,debit,54.51,0.0,ITEM-0054,3
65.95,1588.64,Visa,Mobile,0.82,UK,ORD-000415,2024-09-29 03:43:00,MGR-012,Merchant_36,GATE-06,MERCH-036,COMP-07,Company_G,WL-03,Adyen,PROC-02,authorization,completed,48.2,credit,58.98,0.0,ITEM-0049,4
26.97,1899.38,Amex,Recurring,1.86,ES,ORD-000416,2024-09-07 03:33:00,MGR-020,Merchant_23,GATE-02,MERCH-023,COMP-10,Company_J,WL-01,Adyen,PROC-03,capture,pending,8.79,prepaid,207.51,0.0,ITEM-0095,9
125.1,2762.84,UnionPay,Mobile,0.87,US,ORD-000417,2024-03-20 21:08:00,MGR-012,Merchant_10,GATE-04,MERCH-010,COMP-07,Company_G,WL-05,Square,PROC-04,refund,cancelled,29.62,prepaid,107.36,0.0,ITEM-0060,9
69.33,1441.23,Visa,Online,1.09,UK,ORD-000418,2024-02-14 09:26:00,MGR-008,Merchant_50,GATE-02,MERCH-050,COMP-06,Company_F,WL-02,Braintree,PROC-01,purchase,failed,35.92,virtual,199.71,0.0,ITEM-0002,7
160.26,3388.39,UnionPay,POS,0.36,US,ORD-000419,2024-09-29 22:07:00,MGR-014,Merchant_26,GATE-09,MERCH-026,COMP-01,Company_A,WL-03,Adyen,PROC-05,void,completed,24.89,virtual,348.22,0.0,ITEM-0022,9
76.81,4519.96,Amex,POS,0.8,CA,ORD-000420,2024-09-10 12:10:00,MGR-004,Merchant_24,GATE-05,MERCH-024,COMP-02,Company_B,WL-03,Square,PROC-03,authorization,pending,6.67,credit,239.53,0.0,ITEM-0095,10
92.63,1974.17,Discover,Mobile,1.87,ES,ORD-000421,2024-09-06 01:22:00,MGR-012,Merchant_1,GATE-02,MERCH-001,COMP-10,Company_J,WL-01,PayPal,PROC-02,capture,failed,47.96,credit,152.66,93.54,ITEM-0013,7
33.01,2465.31,Discover,Mobile,1.08,ES,ORD-000422,2024-03-20 21:16:00,MGR-012,Merchant_15,GATE-07,MERCH-015,COMP-08,Company_H,WL-02,Braintree,PROC-03,purchase,cancelled,7.69,virtual,45.8,0.0,ITEM-0021,3
48.57,1775.15,Visa,POS,0.78,FR,ORD-000423,2024-01-21 04:25:00,MGR-016,Merchant_27,GATE-05,MERCH-027,COMP-06,Company_F,WL-01,Square,PROC-04,void,cancelled,43.53,debit,52.85,0.0,ITEM-0042,7
118.03,2514.27,Visa,POS,1.7,US,ORD-000424,2024-01-11 04:09:00,MGR-011,Merchant_23,GATE-07,MERCH-023,COMP-09,Company_I,WL-05,Stripe,PROC-04,capture,failed,19.44,prepaid,41.38,0.0,ITEM-0063,2
75.79,3806.89,Discover,Online,0.39,CA,ORD-000425,2024-05-06 21:52:00,MGR-020,Merchant_28,GATE-03,MERCH-028,COMP-04,Company_D,WL-02,Braintree,PROC-02,refund,completed,25.56,debit,142.45,86.42,ITEM-0052,1
24.35,1376.57,Mastercard,Mobile,0.38,NL,ORD-000426,2024-09-25 09:44:00,MGR-016,Merchant_41,GATE-01,MERCH-041,COMP-04,Company_D,WL-05,Square,PROC-01,authorization,completed,0.88,prepaid,41.22,38.04,ITEM-0047,5
181.38,4715.56,UnionPay,Online,0.57,NL,ORD-000427,2024-06-13 06:18:00,MGR-006,Merchant_31,GATE-05,MERCH-031,COMP-05,Company_E,WL-04,PayPal,PROC-03,authorization,completed,44.76,credit,128.56,0.0,ITEM-0086,1
139.52,3417.98,UnionPay,ATM,0.35,UK,ORD-000428,2024-07-09 07:41:00,MGR-004,Merchant_18,GATE-03,MERCH-018,COMP-04,Company_D,WL-05,Stripe,PROC-01,void,pending,18.03,debit,415.3,58.89,ITEM-0091,8
60.14,4628.25,UnionPay,Mobile,1.14,CA,ORD-000429,2024-03-19 01:08:00,MGR-012,Merchant_13,GATE-06,MERCH-013,COMP-07,Company_G,WL-04,Stripe,PROC-04,purchase,cancelled,17.14,virtual,503.57,20.2,ITEM-0068,9
65.98,3956.52,UnionPay,Recurring,0.62,UK,ORD-000430,2024-04-07 23:52:00,MGR-006,Merchant_26,GATE-08,MERCH-026,COMP-08,Company_H,WL-05,Square,PROC-05,capture,cancelled,48.37,prepaid,171.9,6.08,ITEM-0027,3
0.92,27.97,Amex,POS,1.23,ES,ORD-000431,2024-09-14 22:46:00,MGR-009,Merchant_34,GATE-09,MERCH-034,COMP-05,Company_E,WL-01,Adyen,PROC-02,purchase,processing,0.44,debit,3.9,0.0,ITEM-0038,1
152.66,3201.68,Amex,Recurring,0.63,IT,ORD-000432,2024-05-07 06:34:00,MGR-011,Merchant_8,GATE-02,MERCH-008,COMP-01,Company_A,WL-05,PayPal,PROC-02,capture,processing,6.65,prepaid,419.44,0.0,ITEM-0042,1
32.64,3133.52,Visa,ATM,0.78,ES,ORD-000433,2024-01-09 17:42:00,MGR-020,Merchant_50,GATE-09,MERCH-050,COMP-10,Company_J,WL-02,Square,PROC-02,authorization,failed,36.52,debit,131.46,0.0,ITEM-0075,7
15.16,786.65,UnionPay,ATM,1.48,DE,ORD-000434,2024-04-02 14:11:00,MGR-010,Merchant_12,GATE-01,MERCH-012,COMP-04,Company_D,WL-03,Adyen,PROC-02,capture,processing,18.43,debit,106.45,0.0,ITEM-0009,3
7.32,369.52,Visa,Online,1.83,US,ORD-000435,2024-01-07 19:06:00,MGR-002,Merchant_25,GATE-03,MERCH-025,COMP-07,Company_G,WL-02,Stripe,PROC-03,refund,processing,48.52,credit,5.56,0.0,ITEM-0002,2
116.07,2716.43,Mastercard,Online,1.72,CA,ORD-000436,2024-03-24 09:21:00,MGR-009,Merchant_31,GATE-09,MERCH-031,COMP-03,Company_C,WL-01,Stripe,PROC-01,purchase,processing,4.25,prepaid,56.73,89.24,ITEM-0014,9
117.98,4433.42,Visa,ATM,0.1,DE,ORD-000437,2024-06-29 20:18:00,MGR-004,Merchant_15,GATE-04,MERCH-015,COMP-07,Company_G,WL-01,PayPal,PROC-03,purchase,processing,11.22,prepaid,150.74,0.0,ITEM-0016,6
216.07,4617.36,UnionPay,Mobile,1.8,IT,ORD-000438,2024-04-02 21:27:00,MGR-004,Merchant_10,GATE-05,MERCH-010,COMP-05,Company_E,WL-04,PayPal,PROC-03,purchase,completed,30.23,debit,123.33,0.0,ITEM-0100,3
41.21,1608.08,Visa,Mobile,1.47,DE,ORD-000439,2024-10-22 13:46:00,MGR-006,Merchant_18,GATE-07,MERCH-018,COMP-03,Company_C,WL-03,PayPal,PROC-04,capture,cancelled,39.28,virtual,115.4,0.0,ITEM-0078,6
33.42,699.72,Visa,Recurring,1.85,NL,ORD-000440,2024-09-09 17:34:00,MGR-017,Merchant_15,GATE-10,MERCH-015,COMP-07,Company_G,WL-02,Stripe,PROC-02,authorization,completed,19.16,debit,57.66,0.0,ITEM-0003,6
135.07,2796.29,Discover,POS,1.85,FR,ORD-000441,2024-03-12 09:29:00,MGR-008,Merchant_10,GATE-01,MERCH-010,COMP-09,Company_I,WL-02,Stripe,PROC-02,capture,completed,2.98,virtual,146.53,86.68,ITEM-0048,1
128.15,3509.99,Visa,Recurring,0.24,NL,ORD-000442,2024-07-06 04:05:00,MGR-005,Merchant_16,GATE-03,MERCH-016,COMP-02,Company_B,WL-04,Adyen,PROC-05,authorization,cancelled,41.87,virtual,458.3,0.0,ITEM-0093,6
79.66,2225.43,Discover,ATM,0.13,CA,ORD-000443,2024-03-29 16:10:00,MGR-009,Merchant_1,GATE-10,MERCH-001,COMP-07,Company_G,WL-05,PayPal,PROC-02,capture,pending,5.56,prepaid,20.03,0.0,ITEM-0012,9
90.99,1894.03,Discover,Mobile,1.51,NL,ORD-000444,2024-10-13 19:53:00,MGR-013,Merchant_5,GATE-03,MERCH-005,COMP-08,Company_H,WL-01,PayPal,PROC-04,refund,failed,20.02,credit,15.91,0.0,ITEM-0014,2
74.89,1819.88,Mastercard,Recurring,0.74,FR,ORD-000445,2024-04-18 19:00:00,MGR-002,Merchant_49,GATE-04,MERCH-049,COMP-05,Company_E,WL-03,Stripe,PROC-05,void,completed,11.98,virtual,44.43,0.0,ITEM-0006,1
75.42,1579.76,Mastercard,Online,0.12,IT,ORD-000446,2024-04-09 10:48:00,MGR-014,Merchant_26,GATE-09,MERCH-026,COMP-06,Company_F,WL-01,Braintree,PROC-02,purchase,processing,17.83,virtual,66.92,0.0,ITEM-0062,10
49.96,4345.37,Mastercard,Recurring,0.41,CA,ORD-000447,2024-04-28 06:51:00,MGR-020,Merchant_44,GATE-09,MERCH-044,COMP-03,Company_C,WL-03,Square,PROC-02,authorization,failed,34.12,prepaid,51.33,0.0,ITEM-0080,7
8.07,209.66,Visa,POS,1.4,ES,ORD-000448,2024-03-19 18:40:00,MGR-018,Merchant_32,GATE-02,MERCH-032,COMP-02,Company_B,WL-04,Stripe,PROC-04,authorization,pending,11.96,prepaid,31.35,0.0,ITEM-0021,2
34.54,1407.79,Visa,Recurring,0.27,BE,ORD-000449,2024-08-30 08:48:00,MGR-002,Merchant_29,GATE-06,MERCH-029,COMP-03,Company_C,WL-03,Square,PROC-04,void,pending,8.96,virtual,163.01,0.0,ITEM-0047,9
203.18,4225.73,UnionPay,Online,0.81,DE,ORD-000450,2024-01-22 19:41:00,MGR-004,Merchant_4,GATE-05,MERCH-004,COMP-04,Company_D,WL-04,Adyen,PROC-05,capture,completed,34.11,debit,320.7,0.0,ITEM-0050,8
80.24,3349.06,Mastercard,ATM,0.99,IT,ORD-000451,2024-04-02 23:06:00,MGR-003,Merchant_26,GATE-06,MERCH-026,COMP-07,Company_G,WL-03,Braintree,PROC-04,refund,cancelled,26.76,credit,411.08,0.0,ITEM-0036,8
3.26,201.03,Discover,POS,0.99,US,ORD-000452,2024-07-13 01:59:00,MGR-007,Merchant_24,GATE-01,MERCH-024,COMP-07,Company_G,WL-04,PayPal,PROC-03,refund,completed,32.01,debit,9.66,0.0,ITEM-0009,5
44.55,2031.29,Discover,Mobile,1.45,ES,ORD-000453,2024-05-12 05:53:00,MGR-006,Merchant_4,GATE-04,MERCH-004,COMP-02,Company_B,WL-03,Square,PROC-04,capture,processing,43.56,debit,159.9,0.0,ITEM-0090,7
67.13,1779.91,Mastercard,Mobile,0.84,IT,ORD-000454,2024-02-09 23:42:00,MGR-001,Merchant_38,GATE-03,MERCH-038,COMP-10,Company_J,WL-04,Adyen,PROC-04,authorization,completed,0.5,virtual,209.07,0.0,ITEM-0034,9
179.01,3614.21,Discover,Recurring,1.89,DE,ORD-000455,2024-10-23 03:02:00,MGR-020,Merchant_14,GATE-07,MERCH-014,COMP-04,Company_D,WL-02,PayPal,PROC-02,refund,processing,42.86,credit,343.87,0.0,ITEM-0048,6
4.16,90.79,UnionPay,ATM,1.05,CA,ORD-000456,2024-08-21 13:26:00,MGR-011,Merchant_23,GATE-02,MERCH-023,COMP-06,Company_F,WL-02,Square,PROC-04,authorization,pending,43.39,debit,9.52,0.0,ITEM-0070,7
83.84,1914.0,Visa,Recurring,1.41,NL,ORD-000457,2024-02-20 02:51:00,MGR-004,Merchant_7,GATE-08,MERCH-007,COMP-02,Company_B,WL-05,Braintree,PROC-01,capture,processing,21.87,credit,81.32,0.0,ITEM-0086,5
78.7,4260.01,Visa,Mobile,1.58,FR,ORD-000458,2024-06-28 14:26:00,MGR-017,Merchant_42,GATE-05,MERCH-042,COMP-07,Company_G,WL-03,PayPal,PROC-03,capture,pending,27.58,credit,73.17,95.06,ITEM-0054,1
1.41,87.5,UnionPay,ATM,0.81,FR,ORD-000459,2024-06-20 05:36:00,MGR-020,Merchant_28,GATE-07,MERCH-028,COMP-04,Company_D,WL-01,Braintree,PROC-04,refund,cancelled,40.84,debit,10.76,0.0,ITEM-0052,6
71.25,2591.21,Mastercard,Mobile,0.29,FR,ORD-000460,2024-07-19 20:58:00,MGR-003,Merchant_17,GATE-02,MERCH-017,COMP-09,Company_I,WL-01,Square,PROC-01,void,pending,40.06,credit,196.0,0.0,ITEM-0080,9
60.54,4603.77,Amex,POS,0.83,CA,ORD-000461,2024-07-02 05:15:00,MGR-008,Merchant_42,GATE-07,MERCH-042,COMP-04,Company_D,WL-03,Stripe,PROC-03,purchase,pending,37.12,credit,90.15,0.0,ITEM-0082,10
62.6,4336.03,Mastercard,ATM,1.86,UK,ORD-000462,2024-04-02 02:04:00,MGR-016,Merchant_32,GATE-01,MERCH-032,COMP-06,Company_F,WL-04,Stripe,PROC-04,purchase,pending,6.13,virtual,92.25,0.0,ITEM-0049,6
88.91,3171.42,UnionPay,Recurring,0.41,CA,ORD-000463,2024-01-17 03:21:00,MGR-001,Merchant_23,GATE-03,MERCH-023,COMP-08,Company_H,WL-05,PayPal,PROC-01,refund,processing,14.94,credit,429.87,0.0,ITEM-0069,1
104.93,2594.79,Amex,Mobile,0.51,BE,ORD-000464,2024-03-11 07:05:00,MGR-007,Merchant_47,GATE-02,MERCH-047,COMP-03,Company_C,WL-03,Braintree,PROC-03,capture,cancelled,18.24,virtual,349.74,0.0,ITEM-0066,7
92.27,4612.52,Discover,ATM,0.48,NL,ORD-000465,2024-10-27 09:10:00,MGR-020,Merchant_14,GATE-05,MERCH-014,COMP-08,Company_H,WL-03,Braintree,PROC-01,void,cancelled,42.3,virtual,496.35,10.29,ITEM-0026,10
81.32,1771.05,Amex,ATM,1.66,US,ORD-000466,2024-07-28 09:38:00,MGR-004,Merchant_42,GATE-03,MERCH-042,COMP-09,Company_I,WL-03,Square,PROC-02,authorization,pending,22.47,credit,236.29,25.31,ITEM-0028,6
76.85,1866.1,UnionPay,Online,0.33,NL,ORD-000467,2024-08-26 18:50:00,MGR-010,Merchant_21,GATE-10,MERCH-021,COMP-04,Company_D,WL-02,Braintree,PROC-02,purchase,processing,15.93,prepaid,3.05,0.0,ITEM-0092,10
200.15,4731.89,Mastercard,Online,1.38,BE,ORD-000468,2024-08-10 10:52:00,MGR-016,Merchant_21,GATE-01,MERCH-021,COMP-04,Company_D,WL-03,Square,PROC-01,purchase,cancelled,28.7,debit,458.71,0.0,ITEM-0077,6
57.59,2959.94,Visa,Recurring,0.14,CA,ORD-000469,2024-01-03 14:18:00,MGR-002,Merchant_9,GATE-06,MERCH-009,COMP-07,Company_G,WL-01,Stripe,PROC-04,purchase,cancelled,0.89,prepaid,347.78,0.0,ITEM-0036,6
98.1,3770.92,Amex,Recurring,1.16,UK,ORD-000470,2024-08-20 15:54:00,MGR-001,Merchant_42,GATE-04,MERCH-042,COMP-02,Company_B,WL-01,Stripe,PROC-02,purchase,failed,15.66,virtual,346.35,0.0,ITEM-0029,3
17.5,449.2,Visa,Mobile,1.64,UK,ORD-000471,2024-01-27 08:56:00,MGR-009,Merchant_3,GATE-06,MERCH-003,COMP-02,Company_B,WL-05,Square,PROC-03,refund,pending,40.81,virtual,36.22,0.0,ITEM-0016,3
25.53,1603.47,Discover,ATM,1.21,ES,ORD-000472,2024-03-03 16:33:00,MGR-011,Merchant_16,GATE-08,MERCH-016,COMP-10,Company_J,WL-02,Stripe,PROC-03,authorization,completed,42.51,prepaid,215.38,0.0,ITEM-0072,4
130.09,3300.81,Mastercard,ATM,0.49,UK,ORD-000473,2024-01-07 21:13:00,MGR-011,Merchant_30,GATE-04,MERCH-030,COMP-07,Company_G,WL-05,Braintree,PROC-05,authorization,failed,3.9,virtual,481.14,0.0,ITEM-0084,3
60.33,4240.56,Visa,Mobile,0.35,NL,ORD-000474,2024-09-19 06:49:00,MGR-006,Merchant_26,GATE-05,MERCH-026,COMP-04,Company_D,WL-05,Stripe,PROC-02,capture,completed,45.83,credit,245.26,0.0,ITEM-0031,1
78.17,4471.55,Mastercard,ATM,0.15,CA,ORD-000475,2024-10-08 02:22:00,MGR-014,Merchant_28,GATE-09,MERCH-028,COMP-04,Company_D,WL-03,Stripe,PROC-04,authorization,failed,33.09,credit,303.6,0.0,ITEM-0007,7
98.54,3662.69,Mastercard,Online,0.66,FR,ORD-000476,2024-09-09 16:27:00,MGR-004,Merchant_7,GATE-01,MERCH-007,COMP-01,Company_A,WL-01,Braintree,PROC-03,refund,completed,20.13,credit,326.37,0.0,ITEM-0036,4
167.65,4414.18,Amex,Recurring,0.87,ES,ORD-000477,2024-09-10 06:10:00,MGR-001,Merchant_14,GATE-02,MERCH-014,COMP-06,Company_F,WL-02,Braintree,PROC-05,capture,failed,19.64,debit,145.59,69.17,ITEM-0022,6
56.84,3410.4,Visa,POS,0.73,US,ORD-000478,2024-08-07 10:01:00,MGR-020,Merchant_12,GATE-06,MERCH-012,COMP-05,Company_E,WL-04,Braintree,PROC-01,capture,pending,22.76,virtual,492.25,0.0,ITEM-0015,1
133.92,4096.44,Discover,ATM,1.98,IT,ORD-000479,2024-03-16 03:06:00,MGR-018,Merchant_20,GATE-05,MERCH-020,COMP-06,Company_F,WL-04,PayPal,PROC-03,capture,completed,41.77,prepaid,322.76,0.0,ITEM-0039,6
182.69,4457.95,Discover,POS,1.73,DE,ORD-000480,2024-09-22 23:40:00,MGR-012,Merchant_2,GATE-08,MERCH-002,COMP-03,Company_C,WL-01,Adyen,PROC-05,capture,failed,45.11,debit,398.37,0.0,ITEM-0096,2
47.1,977.27,Amex,ATM,1.31,AU,ORD-000481,2024-08-18 16:11:00,MGR-014,Merchant_17,GATE-05,MERCH-017,COMP-06,Company_F,WL-03,Adyen,PROC-01,void,processing,48.27,prepaid,128.58,0.0,ITEM-0079,2
61.28,2172.96,Amex,Recurring,1.94,CA,ORD-000482,2024-03-16 14:43:00,MGR-006,Merchant_10,GATE-05,MERCH-010,COMP-09,Company_I,WL-04,PayPal,PROC-01,authorization,completed,39.62,virtual,94.01,49.89,ITEM-0006,4
47.96,1422.26,Amex,Recurring,0.2,CA,ORD-000483,2024-01-01 01:16:00,MGR-005,Merchant_9,GATE-02,MERCH-009,COMP-06,Company_F,WL-03,Adyen,PROC-02,capture,processing,15.29,credit,91.8,0.0,ITEM-0038,4
8.06,170.36,Amex,POS,0.57,AU,ORD-000484,2024-02-20 08:58:00,MGR-014,Merchant_20,GATE-06,MERCH-020,COMP-10,Company_J,WL-05,Adyen,PROC-02,authorization,pending,33.93,virtual,9.87,0.0,ITEM-0071,4
20.3,1512.3,Amex,Recurring,1.18,IT,ORD-000485,2024-08-11 03:08:00,MGR-015,Merchant_34,GATE-06,MERCH-034,COMP-08,Company_H,WL-04,Square,PROC-04,capture,cancelled,31.42,credit,123.82,0.0,ITEM-0072,1
128.49,4787.88,UnionPay,Mobile,1.54,US,ORD-000486,2024-09-19 11:08:00,MGR-013,Merchant_40,GATE-03,MERCH-040,COMP-09,Company_I,WL-04,Stripe,PROC-04,void,cancelled,30.76,credit,217.17,0.0,ITEM-0011,1
67.16,1358.17,UnionPay,Online,0.3,FR,ORD-000487,2024-06-18 01:07:00,MGR-017,Merchant_48,GATE-03,MERCH-048,COMP-10,Company_J,WL-05,Square,PROC-02,refund,pending,29.72,prepaid,167.45,0.0,ITEM-0081,5
170.79,3598.52,Visa,POS,1.63,FR,ORD-000488,2024-03-19 19:56:00,MGR-004,Merchant_8,GATE-08,MERCH-008,COMP-09,Company_I,WL-01,Braintree,PROC-04,capture,completed,31.18,credit,108.33,0.0,ITEM-0039,7
42.08,2423.76,Mastercard,Online,0.55,DE,ORD-000489,2024-08-12 21:39:00,MGR-005,Merchant_8,GATE-04,MERCH-008,COMP-07,Company_G,WL-02,Braintree,PROC-05,refund,cancelled,42.39,virtual,94.63,0.0,ITEM-0038,5
161.58,3341.0,Visa,Mobile,1.04,BE,ORD-000490,2024-02-24 14:26:00,MGR-004,Merchant_28,GATE-10,MERCH-028,COMP-03,Company_C,WL-04,Stripe,PROC-05,authorization,completed,33.38,virtual,196.04,0.0,ITEM-0006,6
138.25,4814.35,Discover,Recurring,1.47,UK,ORD-000491,2024-09-14 06:22:00,MGR-006,Merchant_46,GATE-03,MERCH-046,COMP-09,Company_I,WL-03,Braintree,PROC-03,capture,pending,13.85,prepaid,708.98,0.0,ITEM-0098,5
58.78,4618.15,Amex,POS,1.69,IT,ORD-000492,2024-04-02 18:45:00,MGR-019,Merchant_33,GATE-10,MERCH-033,COMP-09,Company_I,WL-03,Braintree,PROC-05,capture,completed,24.19,credit,666.78,0.0,ITEM-0004,3
42.7,1166.2,Discover,Online,1.05,US,ORD-000493,2024-05-01 03:57:00,MGR-020,Merchant_12,GATE-05,MERCH-012,COMP-07,Company_G,WL-01,Stripe,PROC-01,capture,failed,33.97,credit,56.62,0.0,ITEM-0023,6
15.31,547.23,Mastercard,POS,0.35,NL,ORD-000494,2024-09-08 14:43:00,MGR-017,Merchant_19,GATE-04,MERCH-019,COMP-04,Company_D,WL-01,Braintree,PROC-01,purchase,pending,31.87,credit,45.68,0.0,ITEM-0018,1
47.49,1804.21,Discover,Recurring,1.14,IT,ORD-000495,2024-09-27 15:12:00,MGR-012,Merchant_14,GATE-10,MERCH-014,COMP-10,Company_J,WL-05,Adyen,PROC-01,capture,cancelled,3.6,virtual,50.15,91.1,ITEM-0010,10
16.52,399.94,Discover,Mobile,0.67,UK,ORD-000496,2024-06-18 00:14:00,MGR-006,Merchant_19,GATE-05,MERCH-019,COMP-05,Company_E,WL-01,Braintree,PROC-05,refund,processing,5.9,prepaid,13.83,0.0,ITEM-0052,10
11.09,292.67,Mastercard,Mobile,0.31,US,ORD-000497,2024-01-16 01:21:00,MGR-005,Merchant_27,GATE-04,MERCH-027,COMP-05,Company_E,WL-05,PayPal,PROC-01,refund,cancelled,23.55,credit,40.27,0.0,ITEM-0073,10
142.93,3518.42,Visa,Online,0.17,US,ORD-000498,2024-02-11 17:30:00,MGR-016,Merchant_9,GATE-09,MERCH-009,COMP-05,Company_E,WL-02,PayPal,PROC-04,capture,failed,49.05,debit,501.33,0.0,ITEM-0003,1
5.84,141.51,Discover,POS,0.47,NL,ORD-000499,2024-01-10 17:30:00,MGR-014,Merchant_4,GATE-09,MERCH-004,COMP-07,Company_G,WL-02,Stripe,PROC-04,purchase,processing,30.41,prepaid,8.05,0.0,ITEM-0046,4
80.47,1722.2,Visa,Online,0.55,US,ORD-000500,2024-10-01 18:02:00,MGR-005,Merchant_1,GATE-08,MERCH-001,COMP-04,Company_D,WL-02,PayPal,PROC-01,authorization,failed,4.6,debit,2.6,0.0,ITEM-0038,3
